cluster_1,cluster_2,cluster_3,cluster_4,cluster_5,hard_label
8.359536532474311e-10,3.609295376103722e-8,7.386956146405386e-7,0.9999992215932868,2.7821911848743555e-9,4
4.110035373997144e-13,3.141113956717008e-11,1.495427347996778e-9,0.9999999849691341,1.3503616456611013e-8,4
4.1128670967313723e-17,2.2011795551925627e-12,1.0368280721056836e-12,0.9999999984490943,1.5476677122745935e-9,4
0.9968538456950657,0.00011149454951753311,0.0028015164893207293,3.3257900444735284e-11,0.00023314323283804493,1
4.951004521007567e-7,6.428779055248462e-5,0.9999352171089955,3.39116711586533e-88,1.896465837365308e-19,3
1.4393026776442813e-7,0.0010139126742274905,0.9988259944208793,0.00015994706755569264,1.90706976473283e-9,3
5.794194506137003e-10,1.1789942683496741e-8,5.158546602449008e-7,0.9999994421498684,2.962610925353346e-8,4
0.9999424271440056,5.756789845312968e-5,5.182330421456815e-10,5.311777453956214e-30,4.439308258536945e-9,1
1.0266365430565784e-10,5.286581391954316e-9,2.073809475810194e-9,0.9999999917064947,8.304508229414748e-10,4
0.9998343447901206,0.00016565483683489077,1.910240100175735e-10,5.288915440119212e-19,1.8202052319008518e-10,1
1.5622651501026353e-10,0.9971589163836148,0.0028410834601465627,4.2822960896478557e-35,1.2263310584587786e-14,2
1.0192085416630272e-12,0.9999988581451551,1.1418538039573878e-6,1.8972909059403654e-26,2.1789189392467535e-14,2
1.8384874101099322e-7,0.050486498606655064,0.9495133166656015,2.453372658040702e-14,8.789780337156557e-10,3
1.4050985046637655e-6,0.9999781577296468,2.0437171848561783e-5,1.9714178060385528e-54,2.8205154520279203e-18,2
1.0491446687902513e-14,3.844807207580701e-10,9.274278862832893e-11,0.9999929769811625,7.022541603458037e-6,4
3.4527122355548094e-9,6.120144523437429e-9,6.888266378577597e-8,0.9999957283592387,4.193185240802615e-6,4
1.0656131878525045e-9,0.9999804562187287,1.9542715609790646e-5,1.9053489402105766e-17,4.834429918051613e-14,2
3.7031997955568268e-9,5.337906563352872e-7,0.9999994625054132,1.1873057372364214e-25,7.307025306334223e-13,3
9.139755229720502e-14,7.783592388618315e-11,8.378158688189317e-10,0.9999999980181922,1.066064666800701e-9,4
1.9658123098292776e-7,0.0009574268499967977,0.9990423765687635,1.4881425051680135e-58,8.76207593588487e-15,3
1.3348274403970093e-12,2.623443689898516e-8,7.061939527927882e-7,0.9999992501690947,1.7401180714108235e-8,4
6.634522070514456e-15,5.3079002738971156e-12,8.081452008674132e-10,0.9999999990923027,9.42375483957688e-11,4
1.2007644040243597e-15,1.5490071815117365e-13,4.248899708681121e-13,0.9999998957929235,1.0420649559192187e-7,4
1.119851634958871e-13,1.5192290859888153e-11,2.4586048312860877e-11,0.9999997960712599,2.0388884975550637e-7,4
5.18712775029184e-10,1.6557358005218122e-8,1.3385598733309017e-5,0.999986594565817,2.7593789950698316e-9,4
1.0518695679467027e-7,0.9996309984315637,0.00036889636496193075,1.0007707643516425e-16,1.6517557871042398e-11,2
4.852638173633543e-13,3.5091332767708486e-9,1.2392627375810459e-8,0.9999999828847952,1.2129588844933722e-9,4
2.630028138002207e-6,0.9028230862644328,0.0971742836659302,1.3218257366111957e-53,4.1499089885761857e-11,2
7.028408998914806e-7,0.00021703938330594193,0.9997822531038959,3.4891108707957334e-11,4.637007072584663e-9,3
3.4260799773315107e-6,0.035578984829879375,0.9644175890901363,1.719543640146001e-77,6.8481752071388765e-15,3
3.827220928204252e-9,0.9777092322115877,0.022290763868429337,1.0273885370543587e-13,9.265923723442513e-11,2
6.955915157691388e-10,3.941689676557236e-8,7.097583304661989e-7,0.9999992489331506,1.1960306364162253e-9,4
0.9971383458967484,0.0028616541022200167,1.3561805972311436e-14,3.4794290762670693e-29,1.0179155961515645e-12,1
3.563175416732268e-8,0.027172407717064122,0.9728275566511817,5.447590615729393e-67,1.178986112010265e-18,3
0.9998965112154444,0.0001034887845556328,6.191530744653993e-22,4.492111735841139e-59,1.941709582201607e-23,1
0.9999999999999418,7.926977556510246e-22,6.031213148026828e-25,1.9470179813956784e-61,5.814997927551879e-14,1
2.8472542374256127e-12,7.014457869242864e-13,4.7387666356090915e-11,0.9999999999335072,1.555646278941352e-11,4
0.9999975808060035,2.3757518783159466e-6,4.344211813360975e-8,1.7799697047396049e-37,3.0674847173472296e-18,1
0.9994672859476451,0.0005326961700745544,1.7882022696761376e-8,5.7442953581715155e-46,2.575200140826326e-13,1
0.9999723569701369,2.7643029863087253e-5,1.450228695658482e-23,4.373863791158795e-84,8.613950863570705e-27,1
1.9447180649082163e-11,3.5571521990207923e-10,3.918071279382512e-9,0.9999999940584599,1.6483064839940735e-9,4
7.4444769335041e-12,5.0360080805497475e-9,6.633302138757604e-7,0.9999993303196774,1.3066562709132976e-9,4
3.779222169587906e-7,7.295499507621956e-6,2.2693396485824476e-5,0.9999696284898155,4.6919740294324534e-9,4
9.2430522807818e-7,4.875318863103357e-6,2.6874376996096515e-12,6.099014227179017e-10,0.9999941997633199,5
2.7055005852151625e-8,2.2179220927120303e-5,0.0007225662489061813,0.9992441901105287,1.1037364632222158e-5,4
5.238858530829508e-7,3.0825223301199834e-5,0.9999686508839855,4.863773251747269e-12,1.9965161930223675e-12,3
3.4070195952966734e-14,8.029577804917706e-12,1.1802944554360564e-10,0.9999999896899767,1.0183930166979214e-8,4
7.451894104153745e-13,2.119559317486312e-11,8.712380674810047e-10,0.999999979508451,1.9598370170850347e-8,4
1.3128603087007426e-10,6.105125646436447e-7,2.8121136558338493e-7,0.9999990889681962,1.9176587617086095e-8,4
0.9999999902193805,5.180678053480784e-9,4.599941438981082e-9,1.487417612877564e-122,1.5591417070762689e-22,1
5.009566875992827e-15,1.3150819752563629e-11,1.2289888522635711e-11,0.9999999770416367,2.2932917587105308e-8,4
4.7389596334601334e-11,1.4442180266246371e-8,1.0239158081145175e-7,0.999999877671132,5.4477173539167964e-9,4
8.286301343985047e-13,7.329406658710164e-9,7.875095550851373e-9,0.999999977100504,7.694165082269282e-9,4
6.374022511661718e-10,9.781787110363952e-8,9.518099500851634e-7,0.9999989028106921,4.692408450391574e-8,4
1.6504654922187484e-10,0.9971899783726998,0.0028100208020276616,6.222555467838944e-10,3.7970274699571824e-11,2
6.492645382659303e-14,0.9947930610226742,0.005206938977256871,1.444815634530522e-49,3.948934618499568e-15,2
0.9988885232970243,0.000919356179753184,0.00019212043827991122,3.040820817773579e-19,8.494269389865663e-11,1
7.78326486254383e-12,3.056777605519763e-8,1.5628874274972392e-8,0.9999971045612642,2.8492343020874637e-6,4
2.141231161048902e-6,3.3040614454404805e-6,4.262937237590513e-6,0.9999872697338182,3.0220363377218068e-6,4
0.9999996349382643,3.6468997964964896e-7,2.766198863625307e-10,1.844391494254779e-20,9.51361539859348e-11,1
7.236756874198353e-12,2.0542298147524324e-11,5.692597707904469e-11,0.9999987039975307,1.295917764373845e-6,4
3.845840921072913e-12,4.977230095233198e-7,1.0298747333805277e-5,0.9999891218646363,8.16611746054763e-8,4
5.782584924249859e-7,0.006787119689262895,0.9932123013271402,8.04640442288486e-15,7.250964260716055e-10,3
8.333101219673409e-60,9.47732856366538e-6,5.86298300418467e-29,0.9999905226714363,4.5785668262182955e-18,4
2.562736612093328e-10,8.060834520640897e-6,6.6410529001787795e-6,0.9999852966642129,1.192092713093983e-9,4
0.9993886573842633,0.0006111691338281258,1.7348190647410993e-7,7.67240617184282e-33,1.963095747685613e-15,1
4.5202749108106646e-18,3.337547093563673e-11,1.9446905450660594e-11,0.9999999995776256,3.6955190583077015e-10,4
3.5941553026741476e-9,2.5065002589435564e-7,3.492576871674787e-6,0.9999962461634558,7.0154912543251294e-9,4
1.7966209874134304e-9,3.660923994068098e-12,1.3126845239308457e-11,1.934234032906259e-20,0.9999999981865912,5
5.746214450433072e-22,0.9999990450921253,9.549078747089642e-7,8.272103527540021e-80,1.2913474266476362e-19,2
0.9999999999999989,8.638560833917873e-27,1.0838877938034508e-15,8.852417688417356e-71,1.8648192483537704e-26,1
9.948983966485965e-7,0.006186837340186834,0.9937495762187568,6.202878168738528e-5,5.627609723248793e-7,3
3.3671309367788545e-14,3.58008360966557e-10,6.512858714275386e-10,0.999999984192515,1.4798157099480359e-8,4
9.070604429517824e-6,0.1768475890390874,0.8231433403207795,6.742846123576125e-27,3.570350473895596e-11,3
1.0,6.129293763005762e-39,3.751211529873431e-64,4.7411532622019893e-231,3.1765425755771326e-81,1
2.465879676372173e-12,4.718338212201209e-6,1.9088013270497364e-8,0.9999943529279238,9.09643384808346e-7,4
7.157846152410948e-16,2.2330988459339883e-11,1.1677819383014156e-12,0.9999999997957356,1.8076496552997686e-10,4
1.1918815441466105e-13,2.1813713073645668e-10,6.043239167525288e-10,0.9999998386957724,1.6048164731916234e-7,4
1.4616492779624427e-11,1.0291810715780565e-11,2.6893069857231856e-10,0.999999998347276,1.3588850325341166e-9,4
9.688196995698643e-6,0.05950112331340229,0.9404891884896021,2.1939961812653286e-128,4.2915711830636195e-19,3
9.606019422773533e-7,0.11220331361537984,0.8877957257794622,3.224469514514332e-61,3.2156901184859035e-12,3
7.631425954329995e-8,6.313281349225671e-13,3.987526674256212e-11,2.9211014806642486e-22,0.9999999236452338,5
5.0905980806345227e-11,6.084295474177295e-10,4.7575310259993064e-8,0.9999999512793918,4.859624230323117e-10,4
2.1374361587179668e-20,2.926453738169287e-11,6.339371866286811e-14,0.9999999747848713,2.518580064311483e-8,4
1.628451521203958e-18,1.6411496004666645e-13,3.383342904301336e-13,0.9999999999545567,4.494086859865585e-11,4
5.682903654473939e-25,2.9231476046851786e-21,1.6162932140176492e-20,6.020096835497316e-14,0.9999999999999398,5
1.301758215126064e-13,4.793492349512286e-10,1.6891506083170536e-9,0.999999996823843,1.007527111930623e-9,4
0.9999992327204928,3.5122465834086893e-7,4.160548480884204e-7,1.5523093887862198e-36,8.011236751886305e-16,1
3.6227102889209915e-12,5.212306194512753e-7,3.060510902830149e-7,0.9999985237288517,6.489858158519358e-7,4
5.2124198221776996e-14,2.1278597714955084e-12,2.7072989075146758e-11,0.9999999994945181,4.762289953659353e-10,4
8.297596848857227e-17,1.2271314401025351e-14,3.052272533445614e-14,0.9999999999909506,9.006559573912737e-12,4
1.2615911087350007e-9,1.9300861175279258e-8,2.5836223897464164e-6,0.9999900374738262,7.358341331716072e-6,4
5.760376092378136e-10,3.3825018858310207e-9,3.279014467244633e-8,0.9999999575995048,5.651811046458218e-9,4
0.001611580112963021,0.28427861354847567,0.7141098031864188,1.1556064136785796e-29,3.152142414140102e-9,3
6.810412138694528e-17,1.1661699003153736e-11,1.6324573225701466e-11,0.9999999998882427,8.377093001244346e-11,4
5.7529943000706755e-11,3.42958896246831e-7,4.577742898665735e-6,0.9999950733732775,5.867397733134861e-9,4
1.644141176174951e-9,7.298985400080701e-9,8.811650669274948e-7,0.9999952587105994,3.851181207165027e-6,4
9.044902828923654e-14,4.019902115424934e-11,3.349539703005115e-12,0.9999999783082552,2.1648105828479812e-8,4
3.756387224457799e-8,7.062480498142978e-7,0.9999992561880702,6.576651631180019e-45,7.746729600931347e-15,3
1.764578847486628e-9,2.4614832383183185e-8,1.7312804159007616e-6,0.9999982229251952,1.9414977612153823e-8,4
9.459178298393821e-17,1.0594464239691861e-9,6.873061860391653e-12,0.999997703546521,2.2953871594954607e-6,4
1.7421332990340924e-15,4.2000607888654994e-11,8.266268734795558e-12,0.999999917787293,8.216243836964804e-8,4
1.296939898083076e-14,0.9999936524041874,6.347593624994636e-6,5.505562850740522e-21,2.174642548055961e-12,2
1.0890388125776499e-10,0.809052314341029,0.19094755517495063,3.8802360362577747e-19,1.3037511645642595e-7,2
2.155768430113429e-11,3.0828145164585786e-15,2.175169526364937e-14,8.623095253636436e-15,0.9999999999784088,5
1.361713832387091e-8,3.272591773799598e-6,1.3538348328252958e-5,0.9999831736441923,1.798567306786008e-9,4
8.920911281342705e-9,0.35428429774733156,0.6457156933316787,3.832834662151413e-51,7.852036732668365e-14,3
4.893667075505313e-13,3.57702615217e-12,2.1348374284580216e-9,0.9999999967608737,1.1002224680650364e-9,4
0.9999999830492132,1.6950414864677453e-8,3.71979255599972e-13,6.534682091008585e-35,1.1764434571543926e-17,1
9.098264153616265e-15,3.861915799468137e-10,1.8974673023981378e-10,0.9999997671478533,2.3227619933197854e-7,4
1.7201487865854975e-14,7.218533894179174e-13,1.9016087709901597e-12,0.9999997839787145,2.1601864488586827e-7,4
7.339779007550237e-8,1.7423389388866497e-7,2.9616233503592944e-6,0.9999503183298419,4.647241512381172e-5,4
0.0002683204078736392,0.9876526041372152,0.012079075389378567,5.5534631390124936e-11,9.99790363163224e-12,2
9.841701577889234e-7,0.00020562216964580153,0.9997933851607934,3.909599045003267e-34,8.499403004530725e-9,3
1.9634376309450616e-19,7.89602065208955e-14,2.242245437620486e-16,0.9999999999084375,9.148340072095849e-11,4
2.11516618166149e-10,0.0002753967338238754,2.0357196723082065e-6,0.9997225242426814,4.3092305839151386e-8,4
3.5425587321587287e-7,0.00036202681853465156,0.9996376188950906,1.3267290949151749e-11,1.7234356515063104e-11,3
9.38115872606752e-13,0.9845123199109334,0.015487680088099035,1.3579000211455377e-58,2.937465981226785e-14,2
2.345262362730814e-6,0.000590682020112839,0.9994069727175241,8.909713718406262e-51,3.210599041034986e-16,3
0.9998091114592329,0.00019088854076711978,2.6384330096096237e-19,2.280186780003489e-92,5.662213462800526e-26,1
0.004609388778999266,0.9869273589838685,0.008463252206206277,2.0428612727126566e-58,3.0925958407139974e-11,2
1.0381931884844906e-17,1.4622800190066592e-13,3.6906865244101654e-13,0.9999999999640298,3.545499281671638e-11,4
6.145454294431517e-13,5.615520786635161e-17,1.9126073191561167e-15,5.251577578906656e-10,0.9999999994742257,5
0.9999999999910432,1.7155944388231458e-14,8.939644734656882e-12,1.1469891977621627e-81,6.765431256316349e-22,1
4.016832529106409e-8,0.7436225602135693,0.25637739957975875,1.111877385385607e-36,3.834663018282247e-11,2
7.10381157681189e-15,4.7131780581165656e-5,1.3651933147615214e-5,0.9999392074960347,8.79022934340506e-9,4
0.9999979340473082,2.0655742354782276e-6,3.7845640603123507e-10,8.509662541781043e-109,1.3361882014192231e-17,1
7.753548677738737e-11,5.444866285584041e-7,1.2030975330876745e-6,0.9999979265768791,3.2576142367021355e-7,4
2.3310194801009297e-7,3.3332091539914004e-7,3.389286679439286e-6,0.9999931837883325,2.860502124621097e-6,4
3.6298991477082086e-10,1.2141487408183305e-8,9.571606002508766e-8,0.9999998894593446,2.320118042460353e-9,4
1.259865849747892e-7,5.268712012613278e-7,0.9999993471422137,3.3663125474326857e-84,7.613389080292417e-20,3
7.250622517717671e-27,8.516438018846471e-23,2.6633236269505067e-22,1.0,1.634596788157164e-20,4
5.0673114022831516e-14,4.637482744333908e-12,3.920121201455255e-11,0.9999999993477106,6.084001550060356e-10,4
9.384608456544293e-16,2.905737468409188e-14,4.416761926906712e-13,0.9999999996976886,3.018397559006644e-10,4
7.878830670545024e-11,7.250939651490446e-14,9.686482008679537e-14,8.8297072146019e-9,0.9999999910913351,5
2.7268711592852328e-12,5.6308444529432935e-11,5.644825963456499e-10,0.9999849449619302,1.5054414551841173e-5,4
2.061413789605734e-12,3.95335340965039e-12,9.318985881525026e-13,4.402865155316183e-14,0.9999999999930093,5
4.4033792231288e-7,0.9999995174870532,4.217502447166013e-8,8.406173919301212e-126,1.3764295504629083e-22,2
2.8473798385742937e-9,0.5403728497179542,0.45962713269241257,8.626280915890955e-11,1.4655990705764151e-8,2
4.058076665201154e-9,0.9997171509875601,0.0002828447217917467,2.5265278244124343e-63,2.3257156264424658e-10,2
1.0053213101146523e-13,1.417038939486191e-11,8.675969832955904e-11,0.9999999998802356,1.8733776259600707e-11,4
4.7618937227227255e-14,1.0822874565029137e-15,1.172847774818792e-15,2.7780117615812185e-10,0.9999999997221489,5
4.861590382583996e-14,1.272994845585957e-11,1.6035797732182986e-10,0.999999999455776,3.71087454829371e-10,4
1.0,3.950085838488304e-21,2.1193626725358614e-45,7.258806258508521e-170,4.3065000257322215e-53,1
3.217980044496249e-8,2.509816461290775e-6,0.0003734413428251593,0.9996238114570832,2.0520382990264122e-7,4
1.0,5.334246271550481e-30,1.3194240577859525e-34,7.124494989523991e-151,9.034072103187882e-38,1
1.0,1.5722738020964328e-41,1.976247169649061e-55,3.797115217662161e-129,1.3796309919453372e-53,1
3.847590001729749e-13,1.1135997768169532e-11,6.105165924753332e-10,0.9999999952661269,4.111835776548586e-9,4
0.9057357324973493,0.09426426750264018,4.084728499203091e-15,5.015541284574366e-36,6.459061337755354e-15,1
0.9999999227956866,7.720215528146476e-8,2.1580047870948033e-12,1.0569384390586476e-86,6.5924665620476195e-19,1
4.78368513699546e-25,2.427991325764938e-21,1.4644943486346057e-20,5.684349722704225e-14,0.9999999999999432,5
1.1284413369818648e-10,1.9406111606433076e-9,2.893189931478037e-9,0.9999919704107783,8.024642576493342e-6,4
4.87835846166672e-20,1.9101969725054523e-10,4.101432384088047e-12,0.9999999996841025,1.2077643403762898e-10,4
2.0531881435970452e-13,1.787689675664012e-9,5.679509313897689e-8,0.9999998680081894,7.340882237109295e-8,4
0.9995790457027115,0.0004209506228312577,3.6744572582894297e-9,1.845188550332721e-140,2.4589061735837075e-20,1
2.380387415599831e-24,4.898530652031033e-13,1.5663059277702434e-16,0.999999999999497,1.3009755942634333e-14,4
4.26548018645634e-11,3.448417666593861e-8,4.220365501580195e-7,0.9999995412027173,2.2339010457243665e-9,4
6.544157052837711e-10,1.7286839652633618e-8,7.010401491765995e-8,0.9999896663922935,1.0245562436230913e-5,4
2.226232830362907e-7,0.0699206082470664,0.9300791690479512,1.180643289329342e-16,8.169916335143364e-11,3
3.026578506360414e-19,1.5539463385288274e-10,7.701154709346917e-13,0.9999999886620122,1.1181823090118172e-8,4
2.93084677009093e-15,3.800758374096306e-6,3.100257330775978e-8,0.9999956833320687,4.849069810004645e-7,4
6.497299197236039e-14,3.412681772422988e-13,1.6944251274826407e-12,0.9999999895152213,1.048267800680951e-8,4
7.953361061605308e-8,0.9974032391875401,0.0025965981036833933,3.9045255857958347e-32,8.317516593603874e-8,2
0.0005872066192599448,0.9994118504401059,9.429406338735973e-7,2.5361594826106896e-38,1.3801823142977977e-16,2
5.086993593818972e-8,1.8034773739329957e-7,4.2770058012368845e-7,0.9999984024119467,9.386697998013271e-7,4
9.610046105867667e-21,6.463955343725731e-16,1.6433517344267335e-15,0.9999999999995941,4.035642579211791e-13,4
1.8569547718243975e-9,6.420704074925954e-8,9.614305105547957e-7,0.9999989687398687,3.765625285444795e-9,4
3.085508425808777e-12,4.2791007986282e-11,5.362979688045345e-10,0.9999999964373971,2.9804284226196498e-9,4
1.1102359879853623e-13,1.7303713402062722e-8,8.019557813163585e-7,0.99999917915654,1.5838542567596352e-9,4
3.7369310522791494e-10,5.132114471830028e-8,1.1831376641604265e-5,0.9999881163726988,5.558218673776664e-10,4
4.528296700150099e-19,2.4980722073005378e-11,6.231454625362358e-14,0.9999999999704172,4.539672172768463e-12,4
1.1572374787450037e-7,5.3184422297340364e-5,0.9999466998405687,3.8045115801633755e-29,1.3386087723070374e-11,3
3.3101217624560806e-14,8.612895551950804e-6,2.2044857999568674e-6,0.9999890997911323,8.282748277764792e-8,4
0.9999999901419416,9.729472039566903e-9,3.0812831987129184e-14,6.756866478403977e-24,1.2855548262787686e-10,1
8.235783428986786e-5,0.000634106060337258,0.9992835360973678,3.973247409532963e-18,8.005117105618492e-12,3
2.0202088829266183e-24,0.1896681542771396,3.9947934927815955e-10,0.8103317732199529,7.210342817598316e-8,4
2.9226220096197546e-7,4.394926981580826e-15,3.80872452953273e-18,2.321997935720573e-14,0.9999997077377714,5
1.1870271013752863e-9,1.2127611495720345e-14,1.1518168691373824e-15,1.4004548111037832e-14,0.9999999988129457,5
3.335042981649802e-10,0.9999999142216245,8.54448652839211e-8,3.620352531166071e-44,5.8926235850787725e-15,2
0.9997387808537183,0.00026121914628184924,2.26905759449161e-19,2.4829348897340284e-49,1.2456922390641516e-22,1
2.6660376989146716e-10,3.212116344679224e-8,1.190904285362075e-7,0.9999970725652555,2.775956548789974e-6,4
1.7675963947148058e-5,0.14738575525732228,0.8523684536398154,0.0002280504977381466,6.464117711397791e-8,3
1.0,1.5092389212401042e-25,4.727524934161202e-41,0.0,4.5540680951947875e-212,1
1.487777618472615e-14,6.091942062923248e-15,1.3243011296243638e-14,0.9999999999994359,5.298686473848655e-13,4
3.9756449378254083e-10,1.6719146873979982e-6,1.0182180911424811e-5,0.9999881447465762,7.602604661324186e-10,4
3.7860179854529235e-17,4.394461216127259e-12,2.458496970387767e-13,0.9999999999118221,8.353763701874138e-11,4
1.8037907097882352e-13,8.19906170459165e-12,7.512397586773735e-13,0.9999999985801689,1.4107004993888157e-9,4
6.941510911499518e-14,5.887786745988506e-11,5.626583319083154e-10,0.9999999953113187,4.067075646880911e-9,4
1.298350353380905e-16,9.443355505650797e-11,6.227856654252309e-11,0.9999999932794685,6.563819312419776e-9,4
3.9549537233894705e-9,2.2559832017721303e-6,7.798699253228446e-5,0.9999196950835259,5.798578641196021e-8,4
1.5223570787827155e-11,1.1094780050004481e-8,1.4473332622257172e-7,0.9999998420040249,2.1526452851199937e-9,4
3.8955938667102944e-5,4.49199889558821e-5,0.9999161240723616,1.5548119336441315e-26,1.5459473118090005e-14,3
8.968196211831186e-13,9.125218689331057e-11,2.2176563611238545e-10,0.9999999981923963,1.493689027392764e-9,4
5.187860053088915e-25,2.6661446895390954e-21,1.5650424290012394e-20,5.950797977582997e-14,0.9999999999999405,5
7.317672128964753e-13,9.770917441999644e-10,3.312040742285733e-9,0.9999999941966109,1.513524861098145e-9,4
4.339841037323452e-5,0.00816003054971631,0.9917965710399105,9.782812861409005e-143,8.093338649598023e-23,3
7.542348277979894e-8,0.0008577062389042648,0.9991422183376091,2.721826967355719e-63,3.895992269684663e-15,3
2.213803962007214e-8,0.0028972899072292678,0.9971026590107679,2.0255297038283047e-8,8.688666245223794e-9,3
1.776513036243008e-11,2.5293283440794636e-14,1.0101251430699253e-12,2.2129813115827366e-14,0.9999999999811773,5
3.8048840517487294e-28,1.3104417545459146e-5,2.836043878441971e-12,0.9999868848554441,1.0724174505641716e-8,4
9.385766539371725e-7,4.2888473601454075e-5,0.9999561729495543,7.92141728787819e-40,1.9027159818360157e-13,3
1.3504745558836832e-14,1.3548178456996652e-12,1.9914695549299372e-11,0.9999999996128325,3.658845996535899e-10,4
2.1486994199816942e-37,1.0,2.2325523734492932e-38,7.162900147962825e-101,1.2310263392834036e-45,2
1.1788898528667755e-13,4.159535602019325e-8,2.8742563141993663e-9,0.9999999538213876,1.7088821246416712e-9,4
0.0005880188835224158,0.02126315429378944,0.9781488268226881,1.1057900913163908e-156,4.032751127755357e-25,3
9.984224600811115e-12,1.9524281381780346e-7,6.547497803346868e-7,0.9999989566067996,1.933906220697564e-7,4
5.452894071976024e-10,6.710054919997415e-8,1.4480701803960713e-6,0.9999984790493478,5.234633249826411e-9,4
2.0746691383328236e-8,1.7370247792426913e-6,2.1849221851675746e-5,0.9997421194879206,0.00023427351875721049,4
2.4827507544254882e-11,0.002672548157606608,0.00022982629958126824,0.9970941652975543,3.4602204302496394e-6,4
5.6768044601849944e-15,1.112574998368337e-11,9.520996189594632e-13,0.9999997599866787,2.400012377391378e-7,4
1.8041671470070397e-7,0.07557747855676303,0.9244223171009268,8.624548581462715e-23,2.3925595432849425e-8,3
6.557371169835902e-9,4.4307116312887464e-8,9.005768051006498e-9,0.9999997397229066,2.004068378760969e-7,4
1.522535416353229e-11,1.0941744195730815e-10,5.334979973493192e-10,0.9999988225871105,1.1767547486890504e-6,4
2.8263343497322143e-5,0.0007518544379425188,0.9992198821895696,2.155569172359354e-11,7.434971975362088e-12,3
9.14565654635313e-11,1.9461560041055486e-8,9.290680879696441e-8,0.999999882387565,5.152609676718491e-9,4
5.094626328978995e-5,0.014159155993786487,0.9857896916863853,2.0094886400301823e-7,5.107674355119632e-9,3
9.954977645143162e-24,5.86888824523848e-21,5.925404244993975e-20,6.066896785805039e-14,0.9999999999999394,5
4.008605267485277e-8,7.152974678487211e-8,2.8105687439423732e-8,0.9999988171926734,1.0430858397507134e-6,4
6.523263674461516e-14,1.1753968570479615e-8,2.5907185362003192e-8,0.9999999614450089,8.937719654285994e-10,4
2.84919561860614e-16,0.9998587512102344,0.00014124878975425165,1.1576612031431766e-36,1.0992919877826573e-14,2
0.0010185376272189618,0.04341682373280194,0.9555646386397256,2.606334068316834e-57,2.5344702090744526e-13,3
4.260565861003722e-12,3.765929284857347e-11,2.5398776268108747e-9,0.9999999883147038,9.103498698499038e-9,4
1.5505309930978851e-6,0.05268468188589873,0.9473137675742919,1.0897552710671714e-56,8.816238904214018e-12,3
1.9813533861524998e-13,0.003211174229802707,3.145262877153434e-6,0.9967855845700552,9.59370668406989e-8,4
2.4614724446843023e-20,1.6556025942923299e-10,1.328696485274751e-13,0.9999999941663927,5.667914126144908e-9,4
2.8871303200700007e-18,1.804858665205316e-13,5.63024950050398e-14,0.9999999999916317,8.131483818924592e-12,4
1.213901808906312e-10,1.2049427465612776e-11,7.888363874020309e-12,0.9999999775649088,2.2293763224592154e-8,4
1.4855878990346605e-21,4.146549704781686e-21,7.505722211079924e-20,1.0,2.908689595393325e-20,4
0.9999959314826091,4.068517390834385e-6,2.751706953113983e-23,3.20623035621229e-90,5.387006287451183e-30,1
2.78894779594532e-7,0.008306026565510062,0.9916936945397076,2.0621193544430607e-54,2.8310571006549005e-15,3
8.375443305396442e-8,0.000530509623399794,0.9994693767820865,2.933255372548488e-8,5.075270138387916e-10,3
3.350572059605206e-9,1.8239275158013798e-6,2.5709932645471967e-5,0.9999716917746023,7.710146643166871e-7,4
0.00011592956842340856,0.9998840682565173,6.061975133019535e-10,6.2956992873031505e-22,1.5688616612982129e-9,2
1.0,2.67795367814347e-50,1.1278061355820977e-113,0.0,4.700166306976804e-185,1
9.17821948330778e-9,1.294661962690252e-13,8.802374509494844e-20,4.770060821091906e-22,0.999999990821651,5
1.6793802709759192e-8,6.253232549215464e-5,0.9999374508806976,3.0765110034593047e-31,7.513973174890335e-15,3
3.995135943594947e-10,6.356233967066106e-9,6.688630281811163e-9,0.9999999846371977,1.9184244692277276e-9,4
3.1397532071970666e-10,4.3312261392080686e-20,3.033793172617778e-27,1.3323676553614188e-22,0.9999999996860247,5
4.218734210591086e-15,1.074439707399275e-11,6.021588615913239e-12,0.9999998865849318,1.1339829794916208e-7,4
0.9999999998730599,1.2694015468176317e-10,1.3759870776943387e-32,2.8125765066254765e-87,1.6071765439504767e-33,1
1.0,1.1406681638549092e-25,7.0353121365512e-22,1.5921046696439398e-84,3.2429440592155375e-31,1
0.00021791685137965522,0.9402979013189386,0.059484181813903476,2.3919738297523515e-46,1.5778127936448707e-11,2
0.9997057228328384,0.0002942765479341429,6.192274755533495e-10,9.568243376868128e-137,5.371081761630374e-24,1
0.9999906336204424,3.938623699894485e-11,3.433710574750932e-24,6.415936818027723e-31,9.366340171347477e-6,1
1.9581308740834087e-15,1.4858171827912386e-12,2.5080105927374676e-12,0.9999999997415696,2.5443456787720894e-10,4
9.757218749659205e-9,0.0019836637073979645,0.99801631313745,1.3230554298639515e-14,1.3397920114307667e-8,3
1.7363691555620528e-14,9.790971372501137e-9,1.398186290537494e-6,0.9999985179562463,7.406647445957475e-8,4
1.0,8.972855417197783e-19,3.6800135874344293e-48,1.312783722492527e-224,7.829773426856946e-52,1
8.987055638960972e-6,0.9128655637625022,0.0871244606975123,9.88365696444552e-7,1.1865016698900214e-10,2
5.628512452132915e-13,3.6279479429805673e-12,1.205906183129978e-12,0.9999995030722897,4.969223136228028e-7,4
6.181196285160999e-13,4.783918598184193e-12,2.00862538403049e-9,0.9999999967057907,1.2801819094841127e-9,4
7.3171723736929e-11,8.32713700263286e-9,1.4746571925309459e-6,0.999998514000604,2.9418947173787767e-9,4
2.444858996163702e-52,1.0,2.852808547991749e-52,2.237441565530783e-94,1.4112616431671598e-43,2
2.4596404595568034e-13,1.321076401224212e-10,4.0136148650041345e-10,0.9999998557207493,1.437455355181822e-7,4
0.999926596823541,4.591866475270178e-5,2.7484445452719426e-5,6.481987588375905e-28,6.625361231306132e-11,1
2.996723314463691e-7,0.009084419939900508,0.9909152616295553,1.0264940855437235e-9,1.7731718572439023e-8,3
4.9935451279533036e-21,8.617994762956912e-13,5.517856086594378e-15,0.9999999969236261,3.0755065918938943e-9,4
8.075618804227714e-14,1.1544357861268857e-9,5.871809775070263e-11,0.9999997958854756,2.0290128968215718e-7,4
1.6879133666854695e-20,2.9323808859094407e-13,6.9988450542635075e-15,0.9999999999980762,1.623554516624998e-12,4
6.236770501461704e-9,3.437657537940044e-10,3.4649157264264806e-10,0.999998466393298,1.5266796742062533e-6,4
5.96954808734247e-9,8.720250000390978e-7,0.001468320009017614,0.9985307301281544,7.186827978446793e-8,4
1.0661821705930199e-10,1.3122345737913404e-9,1.6165649747681592e-8,0.9999999820761788,3.393186748630419e-10,4
1.7897033725912789e-13,3.129727249483454e-11,1.230478828104408e-9,0.9999999907347903,8.003254584118702e-9,4
2.5590418857313277e-18,3.453199979801752e-11,6.394758042768963e-11,0.9999999998447529,5.6767590244653646e-11,4
2.2573657087009202e-7,8.429817554574923e-5,0.00033985240793260444,0.9995673214538128,8.302226137952183e-6,4
1.7797098054997215e-6,3.50580029200337e-5,0.0020463262923306608,0.9979055417480317,1.1294246912202654e-5,4
5.812280995598862e-7,0.0003291435276466277,0.9996702750281646,1.492874799650305e-19,2.1608916641831407e-10,3
4.695038250789129e-19,0.999997260413655,2.7395861592341007e-6,1.0985829955520973e-68,1.857111766062531e-13,2
1.0891993632901278e-14,1.2606676267034605e-11,1.1213888375157333e-11,0.9999992090856187,7.908905498831735e-7,4
2.751755635937764e-13,1.3203474788810265e-11,1.6308033293838885e-9,0.9999999891034608,9.252257275145479e-9,4
1.3515191053071362e-9,1.6421682251353183e-8,7.168151436767944e-7,0.9999992546112346,1.0800420394515727e-8,4
7.954490713264116e-18,2.5992969008475312e-12,2.29486316822855e-12,0.9999999999792197,1.5886027654852554e-11,4
8.32223192309218e-14,2.2106897866987494e-11,7.027875400591429e-10,0.9999999853294972,1.3945525151951122e-8,4
8.284957507992278e-10,7.60577260375088e-6,0.00025386454191304153,0.9997384336524987,9.520448871927299e-8,4
1.921753931247499e-7,0.0002535931134565353,0.9997462147099327,1.6867881096090406e-20,1.2175616939052857e-12,3
5.886743170044243e-20,2.828842223076622e-11,7.587571056169267e-14,0.9999999977057314,2.265904228872083e-9,4
4.0489114868133794e-11,8.62500137274063e-8,5.847733012561457e-8,0.999999465461907,3.897702599902777e-7,4
2.3466266271412803e-17,1.0688370407892145e-12,1.9689056961303936e-13,0.9999999999967334,2.0008822077164455e-12,4
1.2081593951700805e-8,0.97141830660892,0.028581681304124057,6.950259567603619e-48,5.361957196270447e-12,2
0.9999999979704051,3.3379804460581074e-20,2.0295949211055763e-9,2.0731211674661015e-61,3.665198763076245e-27,1
1.2644289816641463e-9,4.363993155195988e-7,8.492375184173454e-8,0.9999990613322699,4.1608023374656764e-7,4
7.903258242739887e-25,5.389655023697203e-23,6.248676710376533e-22,1.0,3.275453708669334e-20,4
0.00034238838773582907,0.9996574077515795,4.38977298191014e-12,4.5586574177026013e-20,2.038562947456219e-7,2
5.609575713394513e-16,4.076555632439969e-11,1.2630402241135626e-11,0.9999997360248325,2.639217709902927e-7,4
8.185242387896541e-16,9.273240846451585e-12,5.314030619043453e-12,0.9999999929972406,6.9881712094849064e-9,4
9.984415487973076e-15,0.9682419977830855,0.031751958945018297,6.043232724835842e-6,3.916140849912287e-11,2
1.0,5.4368994641004895e-33,1.284074766355303e-72,1.4078531598161627e-162,4.671519141346114e-65,1
0.999999189117437,8.108825629585497e-7,5.279485331870588e-27,1.0910696048892787e-66,3.0738923995486514e-29,1
4.6745398349940554e-11,2.17875546943927e-14,1.9190409653247252e-13,5.317530471781175e-12,0.9999999999477234,5
4.348915152837178e-13,1.325247846014756e-16,4.749290147527573e-15,2.7146489445625577e-10,0.9999999997280953,5
5.494808053039584e-18,2.163843229157141e-11,2.682785599851983e-13,0.9999999999734174,4.675947840135152e-12,4
8.6856172438654e-11,1.0745671383384709e-13,5.440151432648815e-13,8.582582941842362e-12,0.9999999999039098,5
1.37421215467479e-7,0.044239827708994005,0.9557600346083632,1.1490478991858483e-33,2.614272442135624e-10,3
1.0180133787439258e-34,0.9999999987654746,7.270850647062206e-12,1.223803344424821e-9,3.4510331646746343e-12,2
6.979049998587717e-8,2.717278961376971e-9,1.1781066073235601e-9,0.999999851888469,7.442564544356675e-8,4
2.3882247734184044e-11,1.789903395488446e-14,4.90061852054743e-16,2.415584817722904e-11,0.9999999999519436,5
6.858587341852218e-11,5.111422734767595e-13,5.4177543763747816e-12,2.8256416411914358e-14,0.999999999925457,5
7.780434115864394e-8,0.00026871815604380595,0.0011898997616112622,0.9944424492993823,0.004098854978621494,4
5.54626199506688e-17,0.9999690250880412,3.09748929538613e-5,3.192789037922619e-16,1.9004714055248472e-11,2
2.4838418858678676e-25,3.9775368544642806e-5,1.9302916732331863e-21,5.822600285708453e-22,0.9999602246314554,5
7.453424796070543e-7,0.9972127537180848,0.002786500932848155,2.055895853348584e-48,6.587362556261266e-12,2
4.2455305849951924e-12,2.192779630967239e-10,6.234210588876524e-9,0.9999999817619275,1.1780338280711166e-8,4
6.321308717324028e-15,3.3946116874038095e-12,1.6688052179902723e-13,0.9999999987015743,1.2948579300492786e-9,4
7.010060555325898e-15,2.916560039680873e-13,1.23650758587345e-11,0.9999999998804431,1.068932126558268e-10,4
1.2969980933113866e-7,2.7227545588058647e-5,0.9999726423493697,6.391681343152524e-14,4.0516901837417246e-10,3
3.088260828225205e-11,0.999999999968388,7.293854234158106e-13,1.665101532734439e-110,5.321267032620225e-26,2
1.3838304274635674e-12,4.1738754132020674e-8,5.66969392091122e-7,0.9999993856563739,5.6340960611843515e-9,4
6.531298186155978e-9,2.697482383512685e-9,2.3546703874581238e-8,0.9999999595546994,7.669816163137157e-9,4
6.150104302570714e-9,0.0015215639323271687,0.998478240362435,6.703610085374764e-17,1.8955513331631793e-7,3
1.694612907475195e-11,0.001693335741524002,0.00013735186787010493,0.9981691528336188,1.595400410358786e-7,4
5.833713796826083e-15,3.244199847807711e-11,9.893397666285443e-11,0.9999999997269124,1.4170581309281023e-10,4
3.726468020549717e-8,1.433625530393332e-7,8.480771675821452e-7,0.9999975679369462,1.4033586529069518e-6,4
2.500120120346074e-10,3.889803215716308e-8,2.1360278240462295e-6,0.9999978104779628,1.434616891098867e-8,4
7.994954779003665e-7,0.0014416918947103296,0.9985575086098104,3.0161940304287603e-56,1.2940322074200103e-15,3
1.7597793761628874e-13,5.487899030260464e-12,3.2926223091065684e-11,0.9999999999487559,1.2653982746123578e-11,4
2.700590711501007e-14,1.0072677377834129e-12,6.723061430635935e-12,0.9999999989129841,1.0792586158775236e-9,4
2.1329388882769353e-38,1.0,1.8237867645217315e-31,1.4619222181238003e-46,1.2764810747184258e-24,2
3.450905562711281e-7,1.28445610957905e-6,0.9999983663182239,1.893358529907769e-14,4.135091322454672e-9,3
5.686274639499675e-10,8.330724564688378e-8,4.605619626159223e-6,0.999995238391799,7.211270167818513e-8,4
0.0004145267813623264,8.015604379587884e-5,0.9995053171746998,3.2317956083946527e-31,1.4197219247751145e-13,3
5.3216520930850555e-8,0.018760629627114556,0.9812393170725794,3.761374042453099e-15,8.378145686529686e-11,3
2.2950138528080712e-11,4.1987067164072423e-10,9.74956586419548e-9,0.9999999889938528,8.137606579532293e-10,4
0.9999999999808712,1.9128785183118652e-11,1.9348612035009539e-31,1.7374689833024063e-116,9.510557162799756e-30,1
1.165284605115496e-12,2.8069580891418515e-11,7.594604293898452e-10,0.999999998961888,2.494167113657679e-10,4
2.136878315641953e-11,9.261084136453236e-8,1.1701925386371254e-8,0.9999971723151335,2.723350730857994e-6,4
1.6362751479036066e-17,0.9999538810004972,4.611899901348422e-5,9.340521553244568e-28,4.892949476424963e-13,2
5.478481988421853e-19,4.652926781490212e-12,1.4037342117029928e-12,0.9999999998969895,9.69537974540816e-11,4
1.6533106666472438e-10,2.9856153149257403e-12,1.4309229632331163e-11,0.9999987314841372,1.2683332369617723e-6,4
1.603347784583078e-11,1.725324228600521e-8,1.4957543783131692e-7,0.9999998055831416,2.757214476770774e-8,4
8.775734272326643e-9,9.952554503054889e-10,1.6884224485862871e-9,0.9999992668347952,7.217057926766632e-7,4
0.9999952089397364,4.444897421954855e-6,1.2587676169001377e-11,1.7239858870775656e-16,3.4615025376983027e-7,1
2.1158284656518158e-14,5.372785989566389e-12,1.0569407463636908e-10,0.9999999998823299,6.582066033181633e-12,4
7.440659282453158e-12,1.3110663644884479e-9,9.161279876732491e-9,0.9999999891038537,4.163593905697175e-10,4
2.297709293191071e-16,4.2418957678797217e-10,7.172809123451467e-11,0.999999857577376,1.4192670608136706e-7,4
1.5584260537642155e-13,1.2119328331540209e-11,7.087977966833841e-11,0.9999929322430788,7.067673766213821e-6,4
5.451747630400734e-13,4.375767720928121e-9,9.71309389268499e-9,0.9999999768221395,9.088453777763823e-9,4
0.00016567361991167367,0.023656682608046122,0.9761776436266145,1.0884800260942382e-64,1.4542767544721692e-10,3
9.642834830473078e-11,3.4088296943514825e-15,4.4611366263649317e-14,2.4006005903198618e-11,0.9999999998795176,5
8.878125903400224e-12,1.3634337076314263e-9,2.276567599891638e-9,0.9999999952377226,1.1133978903606365e-9,4
2.918586254353382e-14,9.051332626461027e-11,2.3778398419481735e-9,0.9999999966600177,8.715999243167283e-10,4
2.0199957615032978e-14,1.0056180279418008e-12,2.7875444205453075e-12,0.9999999920474196,7.948766926871185e-9,4
1.395623571183036e-8,1.9105973984833285e-6,9.859675298975513e-6,0.9999882139206093,1.8504575280533371e-9,4
9.69429393205e-7,1.982576155210987e-5,0.9999792048090336,8.90374397721059e-38,2.1106281537785533e-14,3
7.023359615918548e-6,0.12141741846866944,0.8785733328702482,1.4857092266562258e-16,2.225301466296749e-6,3
5.466428270962405e-14,2.1627532970437816e-13,2.796235021892773e-12,0.9999999998969507,9.998217400019531e-11,4
9.706439889028018e-8,0.0012701450138033947,0.9987297577915035,1.3344914019349399e-20,1.3029425549093532e-10,3
4.803805128254609e-5,0.00674599837198912,0.9932059633740423,1.0869620580241521e-28,2.0268605123294862e-10,3
0.9751746539027674,0.02482294770706643,2.3983901662622404e-6,4.0063101524149366e-115,1.5752253218349952e-21,1
0.9999996164966409,3.666198209516275e-7,1.6881317414753983e-8,3.6433335239633324e-43,2.2206313764137514e-12,1
1.3067624431024995e-15,1.8890066655438428e-10,7.698335566780179e-11,0.9999998827564588,1.1697765596339391e-7,4
1.3944217051659384e-15,1.9278636000032983e-9,3.7872330429752705e-10,0.9999999975608521,1.3255956469036467e-10,4
2.3860788716458407e-28,3.398113025608191e-7,2.8281110092153283e-13,0.9999996601696215,1.8793026361532867e-11,4
3.718090764249311e-11,0.9962451573778535,0.003754842584950921,3.4062047876689645e-43,1.466877505118799e-14,2
6.199561294443243e-18,5.68588815860323e-10,8.061819280142005e-11,0.9999999952441939,4.106599126689483e-9,4
2.0205410094618696e-15,2.7507919528406567e-12,2.36763090722713e-11,0.9999999995587084,4.148624277424704e-10,4
1.602850251621168e-6,0.14488909904791414,0.8539713172406468,0.001107927093207542,3.00537679798224e-5,3
3.477829624937866e-17,5.99472823639448e-12,5.902576677498652e-13,0.9999999999629846,3.0430282046828504e-11,4
1.1760029481148741e-8,3.6589073690067066e-6,0.00047126377766667436,0.9995248247191383,2.408357965624943e-7,4
4.0114629748938894e-14,0.9999363488485544,6.365115140543739e-5,1.2132979388059653e-60,1.345265220572074e-16,2
9.171183293968744e-7,5.302480101501959e-5,0.0027748493669909552,0.9971689781080386,2.2306056259578853e-6,4
1.0,1.6827980962955814e-26,3.512584995756577e-48,4.16560698755352e-81,1.155794798848468e-38,1
4.06383211536815e-8,5.799400365065098e-5,0.9999419653580178,5.225683743183426e-39,1.0283570364881044e-14,3
5.4763805460979044e-11,5.6814241870536005e-5,5.139167231422477e-6,0.9999380128260781,3.371005626005516e-8,4
7.450732708471733e-164,0.9999999996910433,6.693131590434673e-68,3.089566617864555e-10,2.897957181100925e-45,2
1.2596439088037025e-16,1.3791560550796444e-15,5.107803775149011e-15,0.9999999999737792,2.621414754718472e-11,4
2.299462262872631e-12,5.406138082760616e-9,2.206909775446728e-7,0.9999978662688098,1.907631775047768e-6,4
2.3560081432491546e-17,6.237904317184394e-14,1.0660607905345874e-13,0.9999999998208088,1.790222052080588e-10,4
0.9999999903871907,9.606712525169833e-9,6.096808867593024e-12,2.2385364516344106e-55,1.3073384267030107e-19,1
1.5318946009343012e-10,1.955317114515251e-14,2.837114078115e-13,1.30753934572495e-13,0.9999999998463766,5
1.0577900750034241e-8,0.9999574369146859,4.255249763900028e-5,2.610418156088507e-19,9.774339758115828e-12,2
5.429610813890296e-13,2.9034998970810947e-11,1.0677565194300607e-8,0.9999999888640754,4.2878147978340826e-10,4
1.71664259403362e-12,8.67610266583893e-7,2.737331543310753e-7,0.9999981853715818,6.732832806839617e-7,4
2.946734371890943e-12,9.974161395482316e-16,7.695377792625268e-17,1.700227836489147e-10,0.9999999998270294,5
3.7646484525644085e-9,6.9186348560155595e-6,0.00021750173832129602,0.9997754040339331,1.7182824121633308e-7,4
1.7677576089576636e-27,0.009935271893099902,3.464099053699618e-12,0.9900647233281777,4.775258258666019e-9,4
1.0,2.799977212750792e-17,3.3115924056712153e-20,1.7625037447030517e-166,5.664903919267517e-39,1
1.9707098758090667e-14,0.9999321921450524,2.3318763092828604e-5,4.44890192681592e-5,7.256679553493839e-11,2
3.197174780893507e-15,6.522989560689634e-8,2.515807114830174e-9,0.9999999145496097,1.770468440558266e-8,4
7.100640142209506e-10,2.9801854587293987e-8,9.29990798956892e-8,0.9999997808815364,9.560746504497456e-8,4
1.9278246931300162e-7,0.010173837110535894,0.9898259701069937,2.011661390461225e-54,1.130557261951268e-15,3
4.236293754117524e-7,0.999751031486155,0.00024854480887696455,9.825504371631391e-34,7.559272924586e-11,2
1.341952795167946e-13,3.9868524924638736e-11,9.43001209262939e-10,0.9999999879730185,1.1043977629580315e-8,4
5.938788439025898e-12,2.5426355152794037e-10,1.94352909234366e-9,0.9999861646036239,1.3833192644757305e-5,4
5.582160079513465e-15,4.554766508758552e-13,1.713790865046334e-10,0.9999999991663661,6.617938713863293e-10,4
5.492899960194315e-6,0.005403379863225628,0.9945888631343411,4.4765473264596026e-9,2.2596259257113474e-6,3
0.00249067455468637,0.9396537353248009,0.057855590120512675,3.304807104471494e-83,7.620929729015717e-17,2
6.33027126421382e-15,4.492910919463e-11,1.0006649659810268e-10,0.9999999985301314,1.3248666720318822e-9,4
1.7802666737830777e-10,0.9997712739976159,0.00022872582435738088,3.1729245218570686e-105,4.166715773952884e-19,2
4.16185081120164e-6,0.007755784039394347,0.9922388278883563,1.2004333986229574e-6,2.5788039496373303e-8,3
7.291162875921052e-7,0.002171825364031443,0.9978274413755445,9.439997825659372e-11,4.049736558120787e-9,3
0.9999999999998211,1.134772487695501e-20,1.2864231627938913e-25,3.994201157436303e-47,1.7888960064065417e-13,1
6.91561837097884e-10,2.9968073380840693e-7,1.5740622494601327e-7,0.9999995408384781,1.3830012878649408e-9,4
1.2068059913696537e-10,2.6807227974504636e-14,1.5225226104667694e-12,7.411014887455999e-14,0.9999999998776959,5
1.8697469969803928e-7,0.0007956171873172602,0.9992041958372323,1.5348093985379277e-26,7.507141144249099e-13,3
1.435667603478814e-25,3.5164754448035353e-22,1.779764117019009e-20,9.402528837342473e-15,0.9999999999999907,5
6.992041374494011e-20,1.5571067679431556e-12,2.0001618085072864e-15,0.99999999974522,2.532209137907342e-10,4
6.977732354411477e-7,0.00011255842816668837,0.9998867437985978,1.3130336506453765e-69,7.730414316222813e-17,3
8.793551170185366e-10,7.889117842006574e-8,1.7766397618729723e-6,0.9999981330719482,1.0517756295395205e-8,4
6.661660336410041e-6,2.5680288449251302e-5,0.9999676580366098,1.0219252515385241e-47,1.4604568353684517e-11,3
2.445520282566627e-12,1.0083220834174219e-7,7.151427398715198e-8,0.9999997991001488,2.855092337749976e-8,4
6.227036032749519e-16,1.5357969683155666e-12,2.229706780980282e-12,0.9999999962061872,3.79004671289692e-9,4
2.5457732036157512e-12,2.292109272983931e-6,9.265802752834694e-7,0.9999967799600515,1.3478544539934423e-9,4
2.0542845768492063e-7,0.000134444803454751,0.007458304956522405,0.9924066737696973,3.7104186791647706e-7,4
2.618934865421066e-11,3.523388226902537e-7,1.366741950849442e-6,0.9999306103108186,6.767058221851413e-5,4
1.7669704611860955e-13,6.449719836580748e-11,1.604466269113415e-9,0.9999999960739088,2.256951045105701e-9,4
6.820989805782116e-14,4.0307333463244847e-7,1.9749752846875202e-7,0.9999992463135543,1.5311551449581552e-7,4
5.379487125417446e-6,0.9143193763548111,0.08567524390625147,4.637843736751135e-20,2.5181203409655385e-10,2
7.283720710569073e-14,1.024195280534952e-11,2.5999319658337136e-10,0.999999919110312,8.061937995417164e-8,4
0.9999999991877954,8.12204647987363e-10,4.7477237583774805e-17,1.495454569675651e-36,2.013985589680941e-17,1
1.6709319857347807e-15,4.833380089363699e-12,3.706752819384828e-10,0.9999999984176714,1.2068183121031132e-9,4
1.1535298865790348e-14,4.898610793333691e-13,7.855570282367138e-13,0.9999999927423942,7.256318853520124e-9,4
3.863589220315531e-12,5.695069645586184e-17,3.626103847545059e-15,1.915512664590875e-10,0.9999999998045814,5
0.9999999999998218,8.162289562717452e-14,9.655947283139625e-14,2.5978548428178575e-121,3.24997663948134e-22,1
9.35879132720175e-13,0.9996097568334962,0.0003902431645694601,6.973692325297911e-47,9.983753204773051e-13,2
4.5468850483587734e-13,1.724366687024756e-9,6.07209395901741e-10,0.9999999972449087,4.2306052597590303e-10,4
2.576529589254854e-13,1.6214283479639494e-14,6.022378657471317e-14,0.9999999997249513,2.7471464364508993e-10,4
1.6232186447753656e-17,5.180158488239923e-10,4.2208939163475214e-10,0.9999999990205255,3.936931097426699e-11,4
4.174495669130311e-8,0.0017104075753548635,0.9982895506739654,5.53155505557875e-12,1.9136868491165136e-13,3
4.483676620900429e-11,2.455972964058493e-14,7.444533833786018e-13,1.197314178656467e-10,0.9999999998346628,5
6.23903722219911e-14,9.765747878120038e-6,1.0177397111552043e-7,0.9999901051042203,2.737386801492304e-8,4
9.155270280473344e-7,0.12241324365200941,0.8775858408094576,1.0520672521254116e-27,1.1505045600565975e-11,3
4.9379037450331e-11,3.0349693855151183e-7,1.7964768647109116e-7,0.999992005525231,7.51128076495215e-6,4
1.9658011705458244e-16,1.450029350130921e-12,1.0902477222182583e-12,0.9999999972232845,2.7741750084504003e-9,4
1.0044622413229135e-6,0.0013889561557107577,0.9986100393688147,3.1049617683607973e-24,1.3233139385500219e-11,3
5.346453310140904e-13,1.3072861790290802e-7,1.561652144701909e-7,0.9999997103315243,2.7741087231773498e-9,4
6.043210409179879e-11,1.6139369722133094e-9,8.110460875528475e-9,0.9999998436505857,1.4656458430405567e-7,4
7.222206698185674e-10,0.001367368671028477,0.00019875019131957109,0.9984338704112943,1.000413700243749e-8,4
4.004308810051787e-9,9.216055722222753e-7,5.573375980282264e-7,0.9999982627754177,2.5427710318624703e-7,4
2.74757491934891e-14,4.6562177612374563e-7,3.8933646471084837e-7,0.9999991407247234,4.317008353887021e-9,4
1.201324256976606e-12,3.768054239483769e-9,3.907020967175329e-9,0.99999982933305,1.6299067338704613e-7,4
9.782338439105446e-7,0.9989747627396731,0.0010242362064432598,1.5131981774848656e-25,2.2820039762222183e-8,2
3.765523153050098e-12,1.0484870276462272e-10,3.067338531252401e-10,0.9999999099696655,8.961498640834176e-8,4
3.3195821924003335e-5,0.0006997320100640353,0.9992670721680105,4.590237983146904e-65,1.533323175971173e-15,3
8.457637353922738e-7,0.4923753420116267,0.5076238120551293,1.7742202700448503e-13,1.6933106486502551e-10,3
1.0,1.95059612486642e-27,6.281363908040372e-29,6.674957656329369e-207,3.02636839353012e-46,1
1.0076208807365025e-9,0.19985951506424324,0.8001404837965514,4.3782088316886946e-29,1.3158439031932787e-10,3
2.047587370183148e-14,1.862370454627069e-9,4.07139850393746e-9,0.9999999937753401,2.9087046835660034e-10,4
1.284078599752633e-10,0.9999394607699502,6.053910164195265e-5,1.0231192105172645e-88,4.452233926001421e-21,2
3.598435892751045e-5,0.07970806639685694,0.9202559492420582,2.7918023111266893e-65,2.1572435699222075e-12,3
8.757399578341643e-14,1.702609397642099e-8,2.2908604242686314e-8,0.9999999590474115,1.0178027368443994e-9,4
5.638711165673435e-14,4.648432001300564e-5,4.6927857759129396e-8,0.999953040132138,4.2861993481519315e-7,4
3.58343794155232e-15,5.8327331026940175e-12,4.411154980776487e-12,0.9999985310422955,1.4689474570135721e-6,4
1.5151046300709433e-10,5.51575875333581e-10,1.6888951440293315e-8,0.9999999685532525,1.3854709810562474e-8,4
6.103504114969316e-8,2.504387688709605e-5,2.4833298792300644e-6,0.9999723528196899,5.893850268091984e-8,4
1.5835721935655934e-14,2.278944167485403e-11,2.517223062495031e-10,0.9999999981305119,1.5949604671234898e-9,4
3.92427518704713e-7,0.014466155084644725,0.9855288638700543,4.588485977776691e-6,1.3180449795082295e-10,3
3.26134838759642e-7,1.116711495851063e-6,3.294858893534818e-6,0.9999933323099879,1.9299847838827465e-6,4
1.0,5.296087155815152e-25,8.382640639578822e-32,2.0751611274342527e-30,2.2783605954922987e-20,1
4.540837280793472e-19,1.1735537143493663e-12,5.477365724227165e-16,0.9999999985250528,1.4737730081460406e-9,4
2.9106177617517713e-15,3.503518623533217e-12,1.3583984237043393e-9,0.999999997368841,1.2692541709635077e-9,4
2.1516052741918567e-12,6.809431429483422e-5,3.7349868802110405e-5,0.9998942572154951,2.9859925638707065e-7,4
2.2130850213188227e-13,4.492440346587137e-10,4.710788530411817e-9,0.999999961612801,3.3226945110492704e-8,4
8.669970761877694e-24,1.6912279504629925e-25,8.476219372561055e-34,1.2734425264874128e-27,1.0,5
8.905747974614189e-16,1.7153599505542927e-10,7.737900677067339e-13,0.9999998254348692,1.7439282015441392e-7,4
2.148162822625855e-12,5.341358180255401e-10,5.213843964336686e-10,0.9999999984924773,4.4985431016744376e-10,4
9.626879190290416e-21,5.173728976183329e-15,6.939966425270003e-15,0.9999999999999879,2.7786686303354456e-17,4
4.415269935454869e-14,9.247072763884109e-11,2.536865245211747e-12,0.9999997046401101,2.9526483819549995e-7,4
1.1449435125738678e-10,0.0010657658788233864,0.998934234006678,5.703632917373926e-31,4.167364519077649e-15,3
5.421094772982958e-16,1.1422114932182438e-7,5.044543745796366e-10,0.9999998597283897,2.5546006118875623e-8,4
0.0002310978010698266,0.0008882719548705374,0.9988806302440595,2.2359000309131083e-61,2.621298890054724e-16,3
1.0319615730524014e-10,1.7536755113907383e-7,2.6857576830951274e-6,0.9999964479968988,6.907746708511321e-7,4
9.22004657913837e-12,3.866909044502751e-11,2.929565370042641e-8,0.9999999703294574,3.269996538368552e-10,4
1.067201101267057e-9,1.2477926573928913e-7,2.738356163527439e-6,0.9999971224340259,1.3363343678519672e-8,4
6.934275810240119e-6,0.5963190279698287,0.4036740377517032,1.1723563367700088e-51,2.657836134300782e-12,2
1.0225680724507035e-7,1.3361456149448419e-15,1.8854770761975333e-18,1.3444416812249153e-16,0.9999998977431913,5
4.9326837095983986e-14,2.2018146423313176e-10,1.4106027641531922e-10,0.9999996401233141,3.5951539482865683e-7,4
0.9999999999999627,2.327429062152797e-14,3.727351939929401e-18,6.068699990919625e-87,1.3945437175322837e-14,1
2.5708164094425953e-5,0.00020314473877231068,0.00021234268601056812,0.9995582160705803,5.883405424243643e-7,4
8.205693002272571e-7,0.9999991002678261,7.8642434435953e-8,6.569577765519466e-15,5.204327471584137e-10,2
5.738920390872923e-8,1.6703719531005826e-8,8.441058900551619e-8,0.9999998400742262,1.4222614400176957e-9,4
1.7514181783480684e-6,0.0010424548539345719,0.9989557933987597,1.60773556298374e-10,1.6835385533772228e-10,3
0.9999996359656448,3.640343552989626e-7,5.05764815654899e-29,1.746421596267157e-136,2.0753308359344315e-37,1
1.614505433661415e-6,0.020525865775994558,0.9794725197077595,1.4307027886193622e-25,1.0812284027871564e-11,3
3.880392711584388e-12,2.2967849305048107e-15,1.6267758148842745e-14,9.193578541074306e-11,0.9999999999041652,5
5.3347108433609183e-14,1.7048925732826e-11,2.112871378660002e-11,0.9999998646317533,1.3533001566402837e-7,4
5.47422359749385e-9,0.19390851877695164,0.806091475735313,1.820780822928392e-28,1.351172675709257e-11,3
2.612206995324242e-19,7.769164400715264e-16,5.0231308037245136e-15,0.9999999999976206,2.373638712964403e-12,4
1.9028861763266008e-8,1.167471810963694e-7,1.0624915572298485e-5,0.9999891856616604,5.364672441055925e-8,4
0.9999999999998008,1.992183081532286e-13,2.4316366674339588e-23,4.75892761434291e-109,6.208006225681454e-28,1
1.0454447840118262e-9,9.341310487020336e-11,1.3407948418997705e-9,0.9999999813990562,1.6121290972490622e-8,4
7.171404761493504e-13,0.9819593350192072,0.018040664976619904,1.9152362667245543e-33,3.4558395359240453e-12,2
5.420658639382963e-12,6.033852813532086e-10,1.2623763933815001e-8,0.9999999832811044,3.4863257771007896e-9,4
4.772854502173779e-25,2.4208478726782286e-21,1.4599400170410458e-20,5.6703404223928713e-14,0.9999999999999434,5
8.059335736328325e-12,9.062140136942586e-15,1.1197315616757806e-13,1.0058280877384237e-9,0.9999999989859916,5
1.640026875119021e-10,1.357297468300318e-12,3.271525976695586e-12,0.9999999722930571,2.7538311258581088e-8,4
3.276287766781886e-7,0.13184074819959316,0.8681589240024448,2.8915460391142295e-48,1.6918543925336723e-10,3
0.9999995620716633,4.3792833667439985e-7,4.18997461906211e-28,3.34735932430785e-92,7.58240282608474e-28,1
0.9999999998886141,1.0259022690204797e-10,4.850500602627168e-14,1.4806840432404804e-69,8.747085915889894e-12,1
0.9999952274091396,4.733559847177387e-6,3.9031011852646374e-8,7.101186945372364e-67,1.3712014313464984e-15,1
3.9592367037645795e-18,2.081282097302337e-12,1.7229824320881195e-14,0.9999999990656661,9.322354340924118e-10,4
1.954870410011033e-9,0.04304313232700223,0.9569568651774402,3.12829151922574e-21,5.406872303538218e-10,3
1.8303093535773496e-11,0.9775786511680471,0.02242134881280523,3.833302232285672e-54,8.445723892486854e-13,2
2.6085894584392946e-11,3.481514641483465e-15,1.3031930195545394e-16,6.891894213694048e-11,0.9999999999049916,5
3.7528255881005855e-11,1.8011405120639566e-11,1.1419034190604631e-9,0.9999999982344925,5.680644759811478e-10,4
2.051857031102009e-15,3.2749355134188896e-11,3.023226617183565e-11,0.9999999505121674,4.942484905793793e-8,4
8.263411516080539e-12,2.8760090077468923e-7,1.382528308597457e-7,0.9999990326744964,5.414635084550444e-7,4
2.0865778311917176e-12,7.929637759277092e-6,1.02840558505033e-6,0.9999910412150355,7.395336733089869e-10,4
1.3736667081899964e-8,0.12358687169072577,0.8764131135936205,4.562776579598841e-37,9.789866004937037e-10,3
1.0015922004062848e-60,1.1199623128534807e-57,6.531993554564452e-59,7.614673724710502e-55,1.0,5
3.542567093994e-8,0.005470895783705133,0.9945290687384114,2.2537861425497972e-32,5.2212451265393597e-11,3
2.3243627471786437e-86,2.3917255160318075e-68,2.0426102613068457e-86,4.9695087660658606e-83,1.0,5
5.6243866125484314e-15,1.4996860778668415e-11,1.1536445539890008e-11,0.9999999997158303,2.5763079177284345e-10,4
2.639226191115251e-12,0.999999997286182,2.7111787360295938e-9,7.394592238938631e-91,1.1600991755632212e-18,2
0.9999999990487769,9.512165506826495e-10,2.5704996288260583e-16,9.420140197026617e-27,6.353340328574925e-15,1
9.434350999932444e-9,0.011315773568216536,0.9886842169907681,1.1585264789692944e-25,6.664373213755997e-12,3
1.5920139950125328e-7,2.308317852671872e-6,6.485595846711629e-5,0.9999326740968234,2.425457282762415e-9,4
2.77847849646369e-14,2.6720400774750094e-9,5.0176941064948004e-9,0.999999991881906,4.283319828395511e-10,4
2.4916307810999435e-11,9.793419634791592e-9,1.1213022903847402e-6,0.9999988610530793,7.826294340219657e-9,4
1.6108820999975138e-15,3.246943933458937e-13,1.033217141593923e-13,0.9999999976198597,2.3797106441781623e-9,4
1.2280699572318818e-10,0.958495766232553,0.04150409404296714,1.394222137870601e-7,1.7945907044707676e-10,2
3.66230711081454e-54,1.0,9.43971078768598e-50,5.8152566476311295e-47,4.7922711035263545e-34,2
3.1699863886912785e-12,8.321276137576947e-7,1.7207824695506177e-6,0.9999974437614704,3.3252763067597063e-9,4
6.90780142269542e-13,1.5223262307908095e-6,8.639970043073808e-7,0.9999976038870456,9.789028512072876e-9,4
0.9999071171661674,7.44010520169614e-5,1.8481737211749323e-5,8.723946690985043e-22,4.460392172178634e-11,1
4.1676126123956355e-13,3.5438730919101103e-12,1.0344235845891939e-10,0.9999999925022492,7.390347773295879e-9,4
5.702793253055271e-14,8.15604229042127e-11,7.769484223170885e-12,0.9999999980342121,1.876400864423812e-9,4
1.9242802023153765e-7,0.0002041105749737556,0.9997956968103594,2.9352972714336942e-15,1.8664370260080748e-10,3
9.095307007237573e-6,0.000948480396791137,0.9990423137231764,1.0890404960708851e-7,1.6689756068713546e-9,3
1.8303081774977933e-8,0.9433190270227869,0.05668095127355288,7.219024035415768e-10,2.6786759494938375e-9,2
3.1345395505492737e-16,6.135828268591506e-11,3.309548216869329e-11,0.9999999984546534,1.4508925729563297e-9,4
1.7467035139578888e-15,0.9999998071235006,1.9287649653098988e-7,3.232789679797884e-67,1.0647590754892172e-15,2
1.8645973243477628e-11,5.238995557912945e-9,1.6936559503375268e-6,0.9999982771289233,2.3957484806224626e-8,4
9.049240617670826e-8,0.005610909145695967,0.9943889997934463,4.62247385860159e-22,5.684515130616159e-10,3
7.949453491656927e-9,7.478485329284097e-6,0.9999925135637509,1.1019587340071602e-29,1.4663303817026822e-12,3
8.369603754905265e-9,0.0007706504828878621,0.9992293411474624,4.797828444303245e-25,4.5959165513286926e-14,3
8.275655947211493e-18,8.988288584472667e-11,4.6237110312137366e-11,0.9999999975517437,2.3121362441515658e-9,4
2.023805115929843e-10,1.3237742910655068e-9,3.994555411514839e-10,0.99999999233019,5.744199570754559e-9,4
4.713322661645675e-15,9.547060722045791e-12,1.7776632081638965e-11,0.9999987910395493,1.2089331224156698e-6,4
1.4638900645215e-11,6.6955577143649866e-15,2.2800467332862847e-13,1.0215365612703525e-13,0.9999999999850242,5
2.7059484987313528e-8,2.112377444342955e-6,0.00036388677520883517,0.9996324460987122,1.5276891496875954e-6,4
1.7756832450329036e-14,9.784547773994438e-11,7.729308777616348e-12,0.9999999735320282,2.636237936724999e-8,4
3.2110381125618426e-16,3.756346879513824e-14,9.02198485915002e-13,0.9999999999706572,2.8402565054975972e-11,4
2.0178259321215777e-15,3.511593130366895e-13,3.907858221971794e-14,0.9999999985605782,1.4390295084280618e-9,4
6.467556783877231e-9,0.0010506124650999417,0.0013139510356179448,0.9976353606412443,6.93904810314789e-8,4
2.7687810302218625e-13,0.17448138137292635,6.231026977424586e-6,0.8253177715626651,0.00019461603715431258,4
5.461622704322383e-9,0.002486368243633341,0.99751362629426,7.743380537065517e-45,4.838913694061828e-13,3
6.434479307908969e-14,8.503612858723325e-12,8.660456539208543e-12,0.9999999389090606,6.107371099923674e-8,4
3.344013160558129e-12,3.76723720763343e-10,2.525148305067696e-9,0.99999999164481,5.4499739271146016e-9,4
0.999999682177246,3.1782275398935434e-7,1.1260077127846085e-20,7.166031459555364e-119,1.8277696174428413e-34,1
5.87092477553645e-11,0.999942948118027,5.705182265013152e-5,1.969857401394994e-27,6.135701169893065e-13,2
7.058768340090995e-15,1.5690246802659457e-12,2.626122257477258e-11,0.999999991853367,8.118795699800091e-9,4
6.602308108506769e-14,6.459897047473248e-12,2.823502064719526e-11,0.9999999986139831,1.351255862910864e-9,4
1.2505580704826954e-6,0.9999626779107148,9.20417234813715e-6,2.6781977882460293e-5,8.538098420794946e-8,2
1.0134918248085555e-10,1.4201089828633881e-7,2.706568842583563e-7,0.9999992040251444,3.8320572386154945e-7,4
4.1433682994139206e-5,0.9999585663126953,4.310547409986904e-12,1.1676750730606973e-57,3.769305927069463e-22,2
4.29987377046924e-11,3.7254916369435847e-8,6.216277424153779e-7,0.9999993145801876,2.64941548343753e-8,4
2.6699140249776538e-12,8.988967572787903e-15,1.398439787015601e-15,3.258373291982437e-10,0.9999999996714823,5
2.668532933563045e-16,1.2983462070714546e-13,7.301694772657694e-14,0.9999999999890162,1.078063031628842e-11,4
1.1439549384670461e-14,1.5020691961598502e-12,1.575599132386342e-12,0.9999998423896572,1.5760725373485805e-7,4
2.320997749988999e-15,2.933621188266278e-15,1.167410699096836e-14,0.999999999663644,3.363392327075451e-10,4
0.9999657491898275,3.31942571635323e-5,9.17541114937975e-11,1.0262368111638e-13,1.0564611523528842e-6,1
3.03168338015276e-10,0.9988267678441455,0.0011732318509154417,1.3970324567593471e-52,1.7706959688245277e-12,2
3.4024770496324408e-12,7.342456953395921e-9,2.611935073228343e-7,0.9999975412945151,2.1901661180804477e-6,4
0.9999999999982507,1.8160869112062087e-16,1.748619182301878e-12,2.4968859119854876e-41,4.038709361441239e-16,1
1.7138898077060305e-15,7.923849983843586e-11,8.394199772510908e-12,0.9999999926103639,7.3020016882569994e-9,4
2.0800522946353655e-15,2.811131621730864e-8,9.861465489838529e-9,0.9999999599362296,2.0909865859070677e-9,4
7.074082794490213e-14,9.95770441936443e-12,1.619319529346211e-10,0.999999987161231,1.2666808636522837e-8,4
7.144694758396996e-14,3.977051232055943e-5,1.0764903194189661e-6,0.9999591523023535,6.949350227900897e-10,4
6.934799163780661e-7,5.96525876707397e-17,2.636469460936939e-25,5.0094425459949655e-23,0.9999993065200835,5
0.9999998027665032,1.9723349672560914e-7,1.8114067461502708e-29,5.686142292576458e-276,3.217343053579569e-50,1
9.383535362034664e-10,1.759296388822501e-9,4.752038171549901e-9,0.9999968192616999,3.173288612027765e-6,4
0.005526307791552498,0.994409162354452,6.452985399456015e-5,5.185964006696395e-61,8.548847535303269e-16,2
1.3380537632087394e-14,4.072227833124013e-11,2.167829811365287e-9,0.9999999975856845,2.0575004814929298e-10,4
5.877185210801461e-16,1.244076799256517e-10,1.0221637786980996e-11,0.9999999920615906,7.80377948814087e-9,4
1.0,5.153919706541624e-17,7.463897248441106e-34,8.664977876458303e-212,6.96005702719538e-53,1
0.9966963027784809,0.0033024691833507796,1.227985783671284e-6,4.331303494532557e-17,5.2384688184943144e-11,1
1.694971943844829e-9,1.0416747053974243e-9,4.734037156740951e-9,0.9999809401803983,1.9052348917926212e-5,4
1.2323402113705502e-12,1.0961449156592933e-9,8.101390059716339e-10,0.9999999942190163,3.8734674010773815e-9,4
3.765290383380231e-17,8.137732682911503e-15,1.977744655473064e-14,0.9999999981861633,1.8138087830081038e-9,4
1.3906405778757049e-16,1.2184511927906227e-13,1.1129373525946616e-14,0.9999999999233495,7.651733029327276e-11,4
1.71385071931785e-10,5.073762377522785e-7,6.426501488528761e-7,0.9999988400286169,9.773611400389899e-9,4
1.1351670365863802e-11,1.1079318470172155e-8,5.5508250056766405e-8,0.9999999209413497,1.2459730166579141e-8,4
4.0557591349154424e-7,3.8322355345592463e-7,5.708935056879295e-7,0.9999968752384008,1.7650686267001934e-6,4
1.1741877969245865e-14,3.5875294782955576e-11,5.879425757553281e-10,0.9999999982450164,1.1311539587378027e-9,4
7.739397059151425e-12,0.9491194973217897,0.050880502670462575,3.6135560382696134e-62,8.437000889081929e-15,2
6.065006117169632e-8,8.995925248451555e-5,0.9999099800974544,4.128560383270693e-91,3.4082189537165976e-21,3
1.856963556534957e-8,1.5647842997806683e-7,6.861798484858404e-8,0.9999992286711188,5.276628308516094e-7,4
3.9202681263996595e-10,5.9935891143265566e-12,5.728203914193986e-10,0.9999990699754475,9.290537117209159e-7,4
2.33010694883772e-8,0.003678121057374403,0.9963170807656905,4.771353452921073e-6,3.5224128342041314e-9,3
4.035934443328973e-19,6.222819466199582e-15,1.373958680698574e-15,0.9999999981536337,1.8463587526497857e-9,4
5.250568160323438e-15,5.2735755115672034e-11,8.732212633371596e-11,0.9999999994485835,4.1135331367254594e-10,4
0.999999969051109,3.094887460029647e-8,1.643305924297393e-14,5.320104812755568e-58,3.0226995580649826e-17,1
4.5277387770299336e-8,0.04401334509848066,0.955986117228423,4.920921512218297e-7,3.035573664569683e-10,3
1.1809958793019674e-14,9.9058667827925e-8,7.894186571718172e-11,0.9999998935007001,7.361678464138887e-9,4
4.64901709372249e-13,1.2190295364827277e-7,1.3612412024064412e-7,0.9999997396180722,2.354389057809127e-9,4
0.0033249120725848155,0.8638209728864373,0.13285411504095143,1.3704565725336947e-70,2.6372219867547588e-14,2
0.9999999829035194,1.2694337212418885e-19,1.7096480510058042e-8,4.5168875005407104e-64,2.4645626207498182e-29,1
3.62647487534935e-11,3.1041917217566956e-11,1.9488876706946446e-10,0.9999997897608346,2.0997696984712294e-7,4
4.901723383195229e-14,1.3741613034729282e-5,1.8735641220318596e-7,0.999985938085109,1.3294539503835024e-7,4
1.0199589637870652e-12,8.342643467290073e-11,1.747889009512177e-10,0.9999999921294633,7.61130133383691e-9,4
5.082559446735424e-8,2.18726728548086e-7,8.525904050600087e-7,0.9999928296577815,6.0481994905109705e-6,4
0.9999825766685903,2.4920362156668927e-11,1.7423306489433956e-5,8.500242575489529e-173,1.2736470186101003e-33,1
1.319318506982131e-9,1.1724274071372785e-13,5.434763700001379e-13,3.8732902538330894e-11,0.9999999986412879,5
1.5920620396233496e-7,0.10465015294174072,0.8953496878520535,1.784142118902673e-80,1.78838050628912e-15,3
5.710396669955901e-14,1.1889691563541613e-6,9.366966202389228e-9,0.9999981418928586,6.597709616625207e-7,4
3.65274102669087e-15,1.0310136952152145e-12,6.100826166217305e-12,0.9999999998469735,1.458909137608974e-10,4
8.122187276097235e-13,2.4246810718045297e-12,2.5141702809168732e-11,0.9999999999229601,4.8661283753039316e-11,4
2.209118159399102e-10,1.0848563661368286e-5,3.720982748711139e-6,0.9999851834900455,2.467426325462165e-7,4
5.1391804906280697e-8,0.044999003933581715,0.9550009330669972,6.16489704283047e-33,1.1607616247518473e-8,3
1.8864303222131746e-6,0.9999919460363179,6.167533359892355e-6,1.1732173814620071e-64,5.5480313513029804e-18,2
2.205259817368749e-11,1.1038662559170815e-8,2.2671218327096444e-7,0.999999741998251,2.0228850642939125e-8,4
0.004550416453533373,0.9954495335629336,4.9983526035320646e-8,1.0681118696948987e-38,6.8465530292836104e-15,2
2.8860945548666543e-8,0.0012014247692026805,0.9987985463698514,1.6869068078606876e-55,3.385998653985339e-16,3
0.003065601863172853,0.00017138896149546681,0.9967630091753316,2.859720580775569e-56,1.4955340524125204e-16,3
1.6819371866740297e-13,0.9999985576782014,1.4423189653677944e-6,6.768644478809238e-55,2.6650178168680418e-12,2
7.42568080768539e-12,6.62196195151083e-17,2.0377780328616256e-17,6.40925615208577e-12,0.999999999986165,5
1.1665476949085801e-15,6.061163164152787e-15,1.086438859582412e-15,0.9999999922595593,7.74043232816745e-9,4
2.8543057512675304e-5,0.9039879310804018,0.09598352584994763,1.6765405843943508e-76,1.2137985458098859e-11,2
5.097321284778246e-11,2.991861746910667e-7,1.7102411992540159e-6,0.9999979691719643,2.1349688529467867e-8,4
1.0130128435694342e-8,6.411201263728761e-6,0.00013298347522925296,0.999860593496189,1.697189548128706e-9,4
0.039010074074787196,0.9609139616156297,7.596430958311258e-5,1.7249002165867123e-134,2.2296290860213215e-22,2
1.1479335553057535e-15,7.258155460916828e-12,4.068808099846992e-12,0.9999999557927057,4.419596608830013e-8,4
3.4510279900416652e-12,5.3280129366006e-11,1.5127601816826643e-10,0.9999999991284547,6.63538131272157e-10,4
2.2661355078895386e-22,9.582997161905471e-14,7.133298326863016e-17,0.9999999996520043,3.4789981949784624e-10,4
1.1749654271578009e-5,0.9810210608073979,0.018967173407513117,1.9195434653539035e-35,1.6130817297831894e-8,2
4.170594831066112e-8,5.95801675136185e-5,0.9999403781263748,4.291997287322543e-46,1.63195855661744e-13,3
8.208154980143636e-13,1.5167684730551608e-11,7.83770275973807e-10,0.9999999869987812,1.2201459974504201e-8,4
3.549015154754365e-9,0.0003773982245508044,1.8981180569702972e-5,0.9996032884726666,3.2857319779050725e-7,4
1.0428180829339124e-14,6.822586185601115e-12,6.597362693770618e-11,0.9999999991487332,7.784601403214976e-10,4
2.034976657655534e-14,0.9986590766855231,0.0013409233120259144,1.8679000508269473e-12,5.627782685359668e-13,2
5.283061357899196e-17,2.2062564369171017e-7,4.690521462419711e-10,0.9999997786437496,2.61554539081102e-10,4
1.3222265557799882e-7,1.6113202899060037e-5,0.9999837545743319,1.892871129465557e-32,1.1341956736092143e-13,3
8.650253385614207e-7,0.0015187754036018024,0.9984803595710565,5.724528526894833e-57,3.1256421845638014e-15,3
3.597128545190044e-13,1.6069241970267718e-10,2.5409879212682393e-9,0.9999999846957051,1.2602254869257852e-8,4
2.514230866204047e-9,3.899662772721276e-9,8.68524544533856e-9,0.9999999776255888,7.275272088109088e-9,4
1.0232934223412898e-12,3.816033572254535e-11,3.4127173399945875e-10,0.9999999991847469,4.347977544224021e-10,4
2.8901360934234005e-16,1.4003012254228084e-8,1.2325828823303285e-10,0.9999999844807648,1.3929644577625523e-9,4
8.723907593308914e-11,1.1355539624435117e-7,1.0748285216594394e-6,0.999998783579635,2.794920797456959e-8,4
1.595595837715492e-9,7.353125924517387e-12,9.309885639245318e-11,3.167376429688596e-16,0.9999999983039518,5
6.157574288823794e-14,3.418615812689929e-10,1.212782371659048e-10,0.9999999983676288,1.1691698516070024e-9,4
6.428726356680645e-17,1.2394462205289357e-9,9.20708332292134e-12,0.9999999979450827,8.062641068778771e-10,4
6.0071414316913045e-12,3.465490574095256e-11,2.688489097724786e-10,0.9999985579354501,1.441755038928902e-6,4
4.076223431790274e-17,5.340285478787485e-12,5.576518682433535e-12,0.9999999999667495,2.2333674151746468e-11,4
2.5821158760256667e-11,3.126771797431518e-5,0.00013737517482153116,0.9998312562387941,1.0084258889696778e-7,4
1.0552177313488988e-11,4.521800964631826e-16,4.623301233447479e-15,3.019448874614177e-9,0.9999999969699939,5
1.4532199883019295e-8,1.9356824544909552e-5,6.962952846904658e-5,0.9999109853042958,1.3810490388752306e-8,4
2.485190112869114e-13,4.490673391737387e-11,6.756773906022042e-10,0.9999999802120099,1.9067157555221943e-8,4
9.329415168944011e-14,6.272924224259869e-12,1.15351615359233e-10,0.9999999973429818,2.5353002927880085e-9,4
8.259690425193709e-15,5.363430055210466e-13,4.037700260670224e-12,0.9999999996408327,3.5458492784058123e-10,4
1.754592627664833e-14,2.0854375834173584e-13,1.5200441998836018e-12,0.9999999950574907,4.940763160866505e-9,4
1.6405996778672107e-9,8.520542804922835e-14,8.668848670590197e-14,2.48502335078419e-12,0.9999999983567434,5
1.39625406999527e-9,0.9999936728649875,6.3257387584103845e-6,6.236629280928346e-236,2.5669071263037025e-32,2
0.9999984469224007,6.611206102024838e-19,1.5530775992705563e-6,2.6323220839790043e-71,4.799645329344774e-30,1
1.0134983974709257e-13,6.976282465292064e-13,1.7776346092442777e-11,0.9999999996309176,3.505071202146564e-10,4
7.530977382998567e-7,0.0025271597847077616,0.9974718739252018,2.129311458999512e-7,2.612063224419191e-10,3
4.839843709261343e-19,3.0624975845432e-15,1.2703671727612081e-15,0.9999999999958081,4.187548633888469e-12,4
3.7810977945737163e-8,0.0015465569022558691,0.9984534021261129,6.7787676206104975e-12,3.1538744972638575e-9,3
9.757645536761181e-13,5.566381865860754e-11,5.97196966500756e-10,0.999999992051216,7.294947383835205e-9,4
5.398828713976302e-8,4.131599317010788e-6,8.483158157992728e-6,0.9999872545250785,7.672915941398299e-8,4
1.7844621125348066e-9,0.9983087713396231,0.00169122687590862,6.622289860489934e-31,5.9829128377427845e-15,2
6.354743326393527e-14,3.164831095628194e-9,1.5200918395214748e-9,0.9999999941788367,1.1361769673046362e-9,4
2.086073276254613e-12,6.694113632979145e-7,1.9178468603989866e-6,0.9999974018234218,1.0916268477808302e-8,4
1.2410812355617012e-19,4.032233442372603e-18,3.110922259274788e-17,1.0,9.607220356608413e-19,4
0.9997510620189737,0.00024891725086426683,2.0722865210242332e-8,7.561175447817888e-51,7.296864391594516e-12,1
1.2883941249229877e-43,2.70664624922435e-7,6.012604194422362e-22,0.9999997293353698,5.088891557203538e-15,4
1.263732712375178e-11,2.3591444026093234e-9,3.357968021733456e-8,0.9999999632389356,8.096025355891165e-10,4
4.8584513078357826e-14,0.9980890317097983,0.0019109682530443724,2.2705276737475455e-11,1.4403429471537591e-11,2
4.024697413995599e-8,3.7665975855882846e-7,1.9800244233401814e-6,0.9999463415259222,5.12615429216676e-5,4
7.009113511256781e-14,8.304155528272221e-13,3.2360262655584264e-11,0.999999999381383,5.85356351539938e-10,4
2.858684576161111e-13,4.111402444416855e-11,7.347777784923092e-10,0.9999999806092574,1.8614564889640446e-8,4
5.586685521864576e-10,2.883260484417062e-8,3.777820573705707e-8,0.99999990481827,2.8012250824364337e-8,4
2.2172046053565952e-17,3.74523001733598e-15,6.344179009487284e-14,0.9999999999326861,6.724676672598815e-11,4
8.807536345835427e-8,0.006464395942548364,0.9935332826598157,1.2865757415668677e-25,2.2333222725111553e-6,3
5.657070413185905e-9,5.83844355796416e-7,9.237013679914415e-5,0.9999070357383782,4.623396422950194e-9,4
5.869807155747821e-16,2.1274840046137366e-13,3.679584604081872e-12,0.9999999998969011,9.920601232819088e-11,4
2.7676315410330207e-19,1.7863960192544617e-11,2.9486286703427954e-13,0.9999999805920381,1.938980317092208e-8,4
1.2468584789896564e-8,1.979759358541757e-6,3.0363423465935098e-6,0.9999949531334796,1.8296230463774935e-8,4
2.8053988754943932e-11,3.552847767352836e-15,6.318354977731381e-14,1.6022157389834897e-9,0.9999999983696636,5
1.2378100451013474e-13,8.07899214918233e-7,8.256106349236578e-8,0.9999986820673291,4.2747226861937847e-7,4
5.845600351836202e-15,1.1849337626520813e-13,8.06374370565126e-12,0.9999999998168537,1.7495814044190027e-10,4
4.842344847423767e-12,5.569321256077691e-10,1.0951263094992532e-9,0.999999502022331,4.963207681832651e-7,4
3.206048637437161e-10,2.21861223272192e-9,5.24926058235972e-9,0.9999999902362993,1.975223083463917e-9,4
5.959391719509729e-10,5.9179628172914144e-15,6.415939151548147e-13,1.61176524342398e-13,0.9999999994032521,5
1.4438556179785537e-10,2.5775413634097117e-9,1.7350017711194464e-8,0.9999999794402583,4.877970404453484e-10,4
8.322789083810499e-19,5.208361056653228e-9,3.9512281640594425e-11,0.9999999945850839,1.6704273741352695e-10,4
1.3345654964471332e-9,1.6767397524976295e-8,8.899800736751751e-8,0.9999998917229131,1.1771165350655658e-9,4
1.731663419816563e-11,1.801931821818337e-8,4.728724053217133e-6,0.9999952496429191,3.5963928934505327e-9,4
1.8751406537336904e-19,3.9481754377917294e-12,5.0919432550295225e-14,0.9999999999953977,6.03139177075232e-13,4
4.378820908507978e-14,4.727657703997e-11,2.2231573577337837e-10,0.9999999868699816,1.2860382361277858e-8,4
4.098391849038263e-8,0.9999631441474907,3.681486384373988e-5,8.243356792070667e-80,4.747088371265851e-12,2
2.791085890101261e-15,8.065717423968709e-14,2.4008322115618734e-12,0.9999999998895568,1.0795895870177056e-10,4
4.360095031536248e-9,5.349422078261181e-10,5.108252634040728e-10,0.9999990555533317,9.390408058447434e-7,4
1.6590525157729344e-7,1.278078062655626e-6,4.03789578742493e-5,0.9999581707664147,6.292396808691825e-9,4
2.6058440552644257e-26,1.748770532158413e-8,1.0613916720742224e-24,4.4402824999296445e-23,0.9999999825122947,5
2.9049060334558634e-7,0.9985846501197554,0.0014150584804140892,2.00514738683229e-42,9.092271207661064e-10,2
1.2535613817829335e-5,0.9992729740372359,0.0007144902678180807,1.2741875867972053e-13,8.100069787118771e-11,2
2.5232914525003944e-9,1.544522232161701e-7,4.274936611318403e-6,0.9999955188454475,4.924242656687495e-8,4
1.2273938685992785e-12,1.907641803548853e-11,1.426272967899764e-8,0.9999999853719165,3.4505014802857017e-10,4
2.454662951056026e-7,4.07040926103373e-5,0.9999590504410896,1.0762488850783327e-19,5.00387296072135e-15,3
3.2374243026193932e-21,1.8117930281470814e-11,1.3363809419600255e-13,0.9999999774806,2.2501148459080586e-8,4
