cluster_1,cluster_2,cluster_3,cluster_4,cluster_5,cluster_6,hard_label
8.147201404421677e-7,3.4412213908272725e-9,1.3913296192265716e-7,1.6055429929139236e-6,0.99999143169857,6.005464113336619e-6,5
2.938991135968759e-7,1.5109589490119388e-11,4.513950439321615e-10,8.042283729395004e-8,0.9984292622237443,0.001570362987800215,5
7.881050257439961e-8,1.0554970247718889e-16,2.0509545473696075e-11,4.326680994364119e-12,0.9999983402672659,1.58089739525468e-6,5
2.102318521611097e-6,0.007901891608860585,0.0002991054906676567,0.9917968358717115,1.1871408241817778e-50,6.471023862361026e-8,4
2.1673455131317494e-12,8.68531203424068e-6,4.96328095364827e-5,0.9999416818762592,9.06894374070677e-90,2.6629700657571313e-15,4
5.9485134789481414e-6,2.0716549285040357e-5,0.0018000275480782558,0.9914179972729729,0.006071188250201501,0.00068412186598345,4
2.579466799342446e-6,4.605497129944029e-8,2.18086341997729e-8,1.4975968884851345e-6,0.9999523939867777,4.346108592892793e-5,5
1.5972464238020111e-6,0.999654479797843,0.00034367605689141335,9.332855257408315e-8,3.3739917095786424e-36,1.5357028911466315e-7,2
5.236752071924228e-7,1.1958354766912973e-11,3.625799301879431e-8,9.951751643624214e-9,0.9999984277558494,1.0023472404624001e-6,5
0.005201184362499518,0.9915954487128068,0.0032031158055323508,3.0635726627112568e-9,2.4374538078454963e-18,2.4805558862877865e-7,2
7.528861255038477e-5,4.283569890885302e-6,0.9977098914122433,0.0022105363803635856,7.167024639871011e-35,2.4951824582467595e-11,3
0.003528419665945966,2.2833262329798421e-10,0.9964709561817683,6.237631306385931e-7,1.4014322403502052e-21,1.6082244287679001e-10,3
5.404332164612025e-5,2.242017047178161e-5,0.20987584379676652,0.7899899063463848,2.485848849872999e-13,5.7786364482244156e-5,4
0.00018763147095702593,0.05992196367182492,0.9397593165026078,0.0001310883545932472,6.826784791679225e-52,1.69446242591826e-14,3
0.0001720269429192694,1.0614711242265526e-12,1.7786007930797626e-7,2.5110131603703523e-9,0.999611746417965,0.0002160462669617803,5
1.97267501095499e-6,9.739698635170052e-7,7.701518279522848e-8,2.8592149618115915e-7,0.9998545453167935,0.00014214510165306383,5
0.0011698721645151797,5.897279465836993e-7,0.9988136127762017,1.5924572673833087e-5,5.23062028134281e-13,7.581397272110914e-10,3
2.1935048091378794e-8,2.2385820160870488e-7,4.4297492580174477e-7,0.9999992550857127,3.5735413527252506e-24,5.6146111776207014e-8,4
2.6536472241561192e-8,1.7943065731661118e-13,5.014328458796515e-10,2.5068445041185784e-9,0.9999843727400843,1.5597714986599016e-5,5
2.7187532023513036e-10,2.635919830191139e-5,0.0007416575231421936,0.9992319828679551,4.6132307926616e-56,1.3872532569333367e-10,4
2.0056205080562423e-6,1.386796817254546e-12,1.3931212997423515e-8,1.2480015397311644e-5,0.9999382930643184,4.720736717657539e-5,5
2.2744937293760716e-6,2.5076486663229303e-14,1.0300648353602499e-10,8.002276390268293e-8,0.9999962677236213,1.3776568538214788e-6,5
1.1161465430735291e-8,1.8229358974063566e-14,3.010600101712199e-12,2.2954787596915447e-13,0.9999986057775007,1.383057775525051e-6,5
1.0252721854257712e-6,4.5790480309802485e-11,1.6460343062209866e-9,8.468617402485553e-11,0.9999927139472767,6.259004026869687e-6,5
3.0095140317594518e-6,1.0521655249383185e-9,2.3338199503437057e-8,0.00019637059923185047,0.999772070423896,2.8525072475307425e-5,5
0.006204787881300469,3.870162421362576e-6,0.9932281947288691,0.0005631464793476691,1.3485804119177419e-10,6.132033354218282e-10,3
3.6401476195519857e-8,7.932134659024099e-13,1.0626605960891992e-8,2.4490708880189334e-8,0.9999889378681771,1.0990612238660627e-5,5
5.820930137479491e-7,0.00014545531213952786,0.9575213135188058,0.04233260078974367,1.4270465202171089e-53,4.82862973219738e-8,3
1.248100666153375e-5,0.00027799167852592235,0.00017028789016092027,0.9995165674657045,2.9053397634750764e-8,2.2642905549572866e-5,4
4.838865449150134e-11,0.0004273656634116114,0.11894905896223336,0.8806235752880186,2.655408100532474e-78,3.794782652579473e-11,4
0.0007471537867267568,2.088474182371191e-7,0.9927827366674833,0.006469008513863444,1.1642538915030853e-13,8.921843917942642e-7,3
1.5086079297975776e-5,1.5897660018579332e-8,2.366813179911771e-6,9.267200932130154e-5,0.9987498843328718,0.001139974867668983,5
0.9918034655049223,0.005188507152843219,0.0030080273078402554,1.7407622967040196e-14,2.264103063061304e-24,3.4376801191214854e-11,1
1.4325913274469708e-9,3.533860848718537e-6,0.904086674359268,0.09590979034580227,7.885498468859356e-61,1.4895400194947333e-12,3
0.9988973136805003,7.686634882026257e-6,0.0010949996846176568,1.2108231453819644e-24,2.9573404365749037e-51,1.1482182744545425e-22,1
1.1166353061204606e-14,0.9999999998049269,3.9407074521464806e-22,7.972689858059472e-24,1.097300331018539e-53,1.9506182496293195e-10,2
0.0017736821940218073,1.4303427079638417e-11,4.2795158631994616e-11,6.9288251742460055e-9,0.9982255553522577,7.554677968110535e-7,5
5.740954818667936e-6,0.9999662980054894,2.7473395664180936e-5,4.876440273291596e-7,1.8279095584279617e-43,2.1642281743096926e-16,2
1.7566499082117329e-6,0.9975294488561957,0.0024687006815071423,9.380608222443612e-8,2.4559425019012113e-55,6.306713518969529e-12,2
0.0018107937698750383,0.9981060177465928,8.318848353207376e-5,1.4761857090832498e-21,5.02282944231226e-82,1.5215022916301524e-25,2
1.7207706496946377e-5,1.0170326171543201e-11,1.1273758305051921e-7,1.198497631520238e-7,0.9999766143151052,5.945380881437582e-6,5
2.9622182772199197e-6,3.938762125135284e-12,2.3334143697882636e-8,6.026904974963875e-6,0.9999873455267781,3.642011887184542e-6,5
0.00028616109131417844,9.317077953489074e-6,0.00035677425249667783,0.0012935551596480281,0.9977134378458905,0.0003407545726971951,5
0.014000433360320022,0.0015615897104949168,0.0007374346014286427,2.0840170969499015e-11,1.8825944604367226e-5,0.9836817163623118,6
4.35026288164478e-5,1.7026217547434128e-7,0.0015220981746859343,0.018835766648101982,0.7827798498308306,0.1968186124553897,5
1.4800625052035484e-6,7.070081381962147e-5,1.6956167061254497e-5,0.9999107338792766,4.7154241128220453e-8,8.192309606115077e-8,4
1.0570899307006097e-7,2.7090310706612117e-13,1.5314601149393644e-10,5.399652641776458e-9,0.999096114616883,0.0009037741210543275,5
4.7142212130421727e-7,3.799393640738493e-12,5.357161617449562e-10,1.1407787878376189e-8,0.999184635867387,0.0008148807631882737,5
1.7589093719059767e-7,2.266991764134022e-9,1.916613113256884e-8,2.4548621795043605e-8,0.9999953864648466,4.3916624714837555e-6,5
1.3599270508621596e-16,0.9999999825163727,1.308758221533576e-9,1.617486897852941e-8,5.083094658235108e-133,4.25218416275291e-22,2
3.5272934901283184e-7,2.468090833180229e-14,1.8347274461677047e-10,1.3098909506920478e-11,0.9999981885679273,1.4585061273681283e-6,5
8.044162958799125e-6,2.8505184495405265e-9,7.638255993335007e-8,4.095116870368721e-7,0.9999765506255748,1.491646670103717e-5,5
7.561383899164704e-8,1.4908585923284148e-12,2.0008854087111456e-8,1.2816095068074836e-8,0.9999879829812762,1.1908578444804929e-5,5
2.8846357449317766e-5,1.128565393726093e-9,5.420623342235506e-6,1.4334457951411864e-5,0.9989946820840588,0.0009567153486327329,5
0.0682459135850705,4.759166324404018e-9,0.9310521786528319,0.0006916041134761194,7.803576033784106e-6,2.495313421312016e-6,3
1.1040568464243544e-8,2.0306804525135957e-11,0.9996866677451437,0.0003133211862357288,1.5282113789983227e-50,7.745224513888742e-12,3
0.000203490224560692,0.00468625679711187,0.0007598267622247943,0.9943503024410947,3.889492390358768e-20,1.2377500794588387e-7,4
3.0005716052945526e-5,3.4591892126703304e-9,1.3933824850572033e-7,6.674471039800695e-8,0.9999106208112719,5.91639305270929e-5,5
0.001959341997936905,0.0019146424075990633,0.007548647309215854,0.00030084109926921393,0.9882086052868663,6.792189911276475e-5,5
0.0013704078591869461,0.9978991666331272,0.0007302293902592905,1.3029296308759041e-8,1.0967798384076345e-16,1.8308813026262897e-7,2
0.000616756454926955,1.4107423833990143e-8,2.0950919277044805e-9,1.0802050428447638e-10,0.9993820686030237,1.1586315130552313e-6,5
7.713741634885558e-7,1.768075430761546e-10,4.585545026520909e-5,0.00045708676582428945,0.999277435416336,0.0002188508166034355,5
5.196726593530958e-6,1.6952726366234667e-5,0.019822353650208038,0.9795657679818804,1.5245404825217257e-14,0.0005897289149365255,4
0.9999999919002062,1.885868436237337e-67,2.169214954570178e-15,1.1894091811422281e-42,8.099791506748452e-9,5.2241346329639945e-22,1
0.00020536045463944612,1.6602294156555885e-8,0.00025452109069824857,0.0021834250778836528,0.9972904345876656,6.624218681885845e-5,5
8.187485052017655e-5,0.989980023713742,0.009936642854163857,1.4585815706893973e-6,2.8443213594494667e-47,3.1869191193798168e-15,2
5.7349611818847325e-6,7.896465084116334e-17,2.1911104024969473e-9,1.1527958953513834e-9,0.9999747282846607,1.953341025111595e-5,5
5.131374797551791e-5,1.6938882044186005e-6,2.348248956073614e-6,1.740572372134995e-5,0.9999249382054016,2.3001857410322947e-6,5
4.933890479589061e-10,8.254144076244537e-6,4.500586457883445e-8,8.051847598929954e-8,1.9612808201504458e-19,0.9999916198381942,6
2.394956198123527e-9,3.6484308554095693e-20,0.9999999681146626,2.9490381117010134e-8,2.585058079361434e-79,2.6954370624908985e-18,3
3.430582731955206e-16,0.99999999999985,1.045069381330817e-28,1.497057402830168e-13,2.3502755266729984e-62,1.5447349244973656e-22,2
4.0369218959114775e-5,0.000714916463457445,0.01182776668471362,0.9783876046878206,0.0008477531529339996,0.008181589792115305,4
2.1695223559333083e-7,5.316378183284686e-13,1.0093151846321466e-8,3.44616655876481e-9,0.9999898556965751,9.9138113392823e-6,5
6.15744838069047e-6,0.0007508684145092475,0.33428160838334064,0.6649610862751067,3.7319999698188836e-26,2.7947866265619725e-7,4
9.869352357857622e-35,1.0,6.450866657712473e-44,4.940931818542822e-65,4.630223217642126e-232,1.681795920958496e-83,2
0.017141061848458174,4.716337093507721e-11,0.0007350086304719336,9.654216031905943e-7,0.9818738433046001,0.0002491207477032143,5
1.9075527174226147e-5,6.438713558836685e-16,2.2920700472779326e-9,7.919067024879717e-12,0.9999805430765414,3.7909629459686373e-7,5
1.5290765927340605e-6,1.5947825825870624e-12,5.310814879961332e-9,4.425210763920148e-9,0.9995430221086495,0.0004554390771373248,5
3.837639640197566e-7,3.973453653616691e-13,4.7130278393725055e-11,6.49737196902696e-10,0.9999754985861198,2.411695265141284e-5,5
4.4295010117681793e-16,0.007801522919093016,0.0964665646714574,0.895731912409449,3.198939978102889e-131,1.2376764133670468e-16,4
6.055749872712365e-9,3.6500963439799287e-5,0.20773576134178673,0.79222772912084,4.630864921535315e-60,2.5181835225733565e-9,4
1.5510883981174175e-10,0.0005051228968970316,4.007502452690272e-9,1.5288519817445624e-7,9.607183662432374e-23,0.9994947200552935,6
2.59556038230396e-9,6.52376761768167e-11,2.0754393212348342e-10,1.9853409162426882e-7,0.9999940242055706,5.774391995763588e-6,5
0.00039739610105007586,2.504817453345447e-16,7.376787696287564e-10,4.408399346091866e-14,0.9996024538548729,1.4930635387644364e-7,5
1.9377442149202274e-6,2.6499831587079555e-17,9.840811629508565e-12,1.9471330910116654e-12,0.9999825285844274,1.5533659569775338e-5,5
1.1391145453507876e-16,4.398892505504023e-22,1.4809351120609163e-19,1.7295068452733325e-20,1.0891574205411424e-12,0.9999999999989108,6
2.2384130049014954e-5,9.117890190436913e-12,2.4913395079546945e-8,4.426879967365795e-7,0.9998792560599892,9.789219945208799e-5,5
9.2290186953128e-8,0.9999976901494918,2.974525552183562e-7,1.920107758539725e-6,8.85178749856817e-49,7.426483649723607e-15,2
1.001797276368588e-5,5.365446348168952e-10,2.7527448014316637e-5,1.158624591989092e-6,0.9999347096132702,2.6585804815045578e-5,5
8.313410548411633e-7,5.705110391852555e-13,7.856294783699867e-10,2.106336336696764e-9,0.9971474978690066,0.002851667897402261,5
3.9858409084594147e-7,5.821219498776602e-16,2.507961706249276e-13,8.308196934237198e-14,0.999999384144338,2.1727123670680653e-7,5
5.303188283400174e-5,5.259785882612228e-8,1.8826239642675084e-7,1.7416267335187052e-5,0.9997060061136279,0.00022330487594755666,5
2.6128795388122364e-8,7.822351702225432e-10,2.0220277804179094e-9,3.3675130541760914e-8,0.9999979393774072,1.9980144038399276e-6,5
6.19741172327073e-6,0.13429141479937312,0.12067398846759834,0.7450271310847852,1.4281757971341924e-29,1.2682365199201668e-6,4
4.6175823821771615e-6,5.300357088650978e-15,1.4016740783060143e-9,5.291384814456023e-9,0.9999452059651148,5.016975943873244e-5,5
2.257158350527508e-7,6.641089303392703e-10,3.259827818374654e-6,2.6266137030976253e-5,0.9999304884515774,3.975920362929305e-5,5
1.1937437688315265e-5,1.319572536196125e-8,1.5600327230311477e-8,1.856445370235143e-5,0.9997030608524466,0.0002664084601101012,5
4.105471497394783e-6,5.006313252904852e-12,2.1378382744527737e-9,3.845385578977931e-12,0.999991378771213,4.513610599633489e-6,5
6.486116535425573e-9,8.083722988186001e-7,1.1349378907789511e-6,0.9999980495811238,3.5340305458953137e-44,6.225699923810176e-10,4
5.309535445049017e-5,8.949324685225334e-8,5.830987347845198e-6,0.0024354392050669983,0.9966473868180555,0.0008581581418322931,5
0.0014309354797958703,9.835449000019087e-15,1.9313205359856837e-7,2.40342692721534e-10,0.9964881199213466,0.0020807512264515143,5
4.800462009960723e-6,2.978244902855833e-13,6.7842208974785226e-9,1.6400558762071115e-11,0.999994285068614,9.076684567575765e-7,5
0.007743500441550408,1.9581459595883236e-11,0.9922545935804208,1.8977293046574694e-6,2.1777675144533236e-20,8.229142716134801e-9,3
5.5692857082243754e-5,1.9126613977841224e-9,0.9560139642007551,0.04392727304461568,8.848314585000217e-17,3.0679848855630234e-6,3
1.0717424809971824e-10,4.030243604123219e-9,1.805261761069499e-11,1.4526653684004161e-10,6.839800691733757e-13,0.999999995698579,6
0.00010076687406208561,0.00023010944882859212,0.11790093290237985,0.8817681033329601,3.508010025366739e-40,8.744176941353361e-8,4
2.878114434520717e-7,0.00017312461533661947,0.3905845758938574,0.6092420111359015,1.989058989823614e-51,5.434608978017622e-10,4
1.717362899355152e-6,1.5344455924116287e-12,1.5971503180224867e-11,4.097181386531742e-8,0.9999886893739166,9.552273864231624e-6,5
0.00145813608762849,0.9985418351239423,2.877378502601898e-8,1.45808015865839e-11,2.867896874746143e-29,6.330602286945484e-14,2
1.02982584941165e-5,1.1444201345442457e-13,2.6496933076606402e-8,7.756617333063372e-10,0.9999157513775531,7.392309124359747e-5,5
1.556010342818449e-7,1.2637525958013928e-12,3.714537034849084e-11,5.699558096049383e-12,0.9999833280220856,1.6516332771482278e-5,5
0.0001615777156039489,6.028724673219391e-5,2.358112898604835e-5,3.852435167686889e-5,0.9970434710560806,0.002672558500920389,5
0.025780391166346416,0.002399825996155316,0.9591968203466753,0.012621355505695653,2.8457260191934875e-8,1.5785278671736837e-6,3
2.598082166085784e-7,7.02873941751645e-5,0.0001021570319831841,0.9998263867562951,2.108826499924168e-33,9.09009329991637e-7,4
0.001258531284439347,6.629626789537277e-18,3.1790264203198383e-12,4.651345827314e-16,0.9987414564072222,1.2305158860057014e-8,5
0.001320537407444523,1.859714998386919e-7,0.12672620687323433,5.3173591936588246e-6,0.8719475036559865,2.48732641041595e-7,5
2.7180627915948892e-5,2.1546108822989306e-5,0.00043367571788595284,0.9995168973800467,3.9142572282888673e-8,6.610227562466788e-7,4
1.2171365059395242e-7,2.7530216240343334e-8,0.9965711541669886,0.003428696578149303,1.3177145310373927e-59,1.0995234825561529e-11,3
8.149167594793748e-9,0.00024915610265367023,0.00044423225240173506,0.99930660349082,7.082576614171883e-48,4.956996223033121e-12,4
1.671955330042457e-7,0.9998110874158914,0.00018874538857564343,1.3527038560932605e-18,8.845409912976671e-103,8.890951717641815e-25,2
3.5301693483065606e-7,0.47566641549694294,0.5067914393682705,0.01754177868442378,1.0723831729612111e-57,1.3433428077227385e-8,3
4.845564693661047e-6,6.090960450343088e-17,1.651375684981427e-11,3.806096929852588e-12,0.9999655528240472,2.9601590939238383e-5,5
1.4467193469445046e-10,1.6148315944377267e-9,1.2513298455506563e-14,2.4796388268104778e-14,1.4547128795636275e-7,0.9999998527691712,6
1.1493119806838653e-14,0.9999999998720908,2.2563477649272198e-15,1.2789549330444824e-10,4.893604447961635e-91,4.722620591393119e-21,2
2.667910288804471e-6,1.257501129655872e-6,0.8010470976797719,0.19894897611053783,1.8478982374311816e-33,7.982717743839316e-10,3
1.7513663933787972e-6,3.8024579522670446e-13,0.0022079776957611764,9.717749758784344e-5,0.9976451333380435,4.796010183383234e-5,5
3.2574658013818326e-14,0.9999976354566655,2.3597282549357557e-6,4.815046979960854e-9,4.761589031129494e-117,1.518179931548935e-17,2
2.4878556645054415e-6,5.642835576765189e-10,4.036749453678392e-6,6.651482596401231e-6,0.9988962480664261,0.0010905752815756889,5
0.00037620776193075247,0.001087351446688856,0.00015048389046156614,0.0008614743883558039,0.876525616373916,0.12099886613864698,5
1.86558036339534e-7,7.260472035866414e-12,2.5559789844169236e-7,2.1763183812798826e-7,0.9999989727353047,3.6746966193683626e-7,5
1.4051146867019492e-12,5.679517960481746e-6,4.1027493435253256e-7,0.9999939102056996,7.145211136651768e-84,4.341966164940684e-16,4
1.6353218862501323e-23,5.546166644616793e-29,1.9957416711430885e-27,6.555010315003947e-27,1.0,2.588907752384748e-20,5
1.9394012319808052e-6,2.493601052177043e-12,2.0366314563254087e-9,3.886999476629027e-9,0.997135037397442,0.0028630172752015363,5
2.733415244823365e-7,1.2295493464311182e-14,4.1529535476701047e-13,2.2089960396845994e-11,0.9995157396723375,0.00048398696362036633,5
1.6699364115424e-8,4.213133926864616e-7,2.5903698963608792e-11,7.065154175519778e-13,7.801129373971244e-7,0.9999987818476956,6
3.6683971866714198e-6,4.387686400832853e-10,2.8355259894142624e-9,1.5783455585288215e-8,0.9922858778638906,0.0077104346811725285,5
1.0245596060818886e-9,1.4901883230999362e-9,1.5048033335978495e-8,6.296956972331194e-9,7.3244499567438e-12,0.9999999761329373,6
4.235294171490233e-12,0.0061458617624075155,0.9938540292272385,1.0900611858068607e-7,1.7573916767748906e-125,5.008110660016055e-20,3
0.00014982065560590257,1.7159369130261526e-7,0.901527320086348,0.09823539922291791,5.118073284305611e-10,8.728792962954013e-5,3
8.331951124331124e-8,1.581932539054864e-7,0.9998372435100988,0.000162507806390378,2.633076856014778e-63,7.170745613664869e-9,3
1.3320777173243993e-6,5.358943255369306e-12,1.8368014404353943e-9,1.4055678126950147e-9,0.9999984605350694,2.0413948516316717e-7,5
3.0015182393288503e-9,2.3007261069806465e-12,3.408615298708896e-13,2.447942931650669e-13,3.37060504208726e-7,0.9999996599350912,6
4.312219539069904e-6,6.782790701641057e-13,9.737216987534295e-9,9.447477198750956e-9,0.9987980669656171,0.0011976016294714305,5
8.269044048906608e-15,0.9999999999999918,1.8982361962777027e-23,2.0910729345444064e-45,1.210335998155173e-175,4.946929207593694e-56,2
3.6478205084746064e-6,3.1869703372548933e-7,7.21365918022737e-5,0.16790215221871851,0.8259365129037158,0.006085231768220997,5
1.548342980927945e-35,1.0,4.540254031402393e-31,5.32052110933788e-34,2.7041571268121068e-151,6.927058237591428e-38,2
1.9023594582362334e-30,1.0,2.4458277837298484e-44,5.475028055386626e-56,2.3494041336397633e-110,1.6486594962902506e-53,2
4.77765453883886e-7,3.4314436270427207e-12,2.558187000494364e-10,1.103587782748743e-7,0.9996144395578401,0.00038497205867758934,5
0.9999370270084589,6.102364855724454e-5,1.949342983943316e-6,1.3086951823853048e-19,2.744215406222269e-38,5.488164209188204e-19,1
6.274866780848254e-13,0.9999998919324073,1.080514568058896e-7,1.5508321136022588e-11,4.903622321661243e-92,3.304564119448168e-18,2
5.422596243970215e-17,6.873628944329569e-23,1.2582895715785725e-19,3.111764973237288e-19,3.266902584019107e-12,0.9999999999967331,6
0.0012184263699161891,7.441652202044606e-8,3.827356626873746e-6,8.823776791150728e-8,0.9983816118342729,0.00039597178489413873,5
1.3125062803485312e-7,1.9385804311525284e-17,1.585140726814676e-11,8.494143337623526e-14,0.9999997077681781,1.6096525749757129e-7,5
7.298019177261251e-7,2.3122482569317765e-12,4.517087601657035e-7,2.303072942728859e-6,0.9962979331857522,0.0036985822283148485,5
4.873121782959058e-15,0.9982878378457276,0.0017121592787109649,2.8755564214778927e-9,1.8758920975613912e-150,6.950940787265182e-20,2
4.724195314102954e-5,7.390171314147779e-22,4.0692322271502093e-11,6.538223500492001e-17,0.9999527565263838,1.4797827205511638e-9,5
5.011884499229679e-6,6.840226993566477e-10,2.4860349490009517e-6,4.3313186611666465e-5,0.9988061299053158,0.0011430583046016178,5
8.92775723443071e-8,8.703602123054198e-8,2.243498251026683e-9,1.0218787029191849e-9,0.9999812772642127,1.854315681678201e-5,5
1.7593057269885227e-6,9.529813456868898e-5,0.18243594239482988,0.8174628163848826,1.563826500803906e-15,4.183779990346468e-6,4
0.001250560070103581,6.865918007165551e-16,9.391826588143672e-8,5.4067722008730036e-12,0.9987445284942542,4.817511968894226e-6,5
7.04413940393832e-5,9.060081267523149e-14,4.172512010745949e-5,6.60670216828622e-8,0.9996098831945358,0.0002778842242050054,5
1.11059595009432e-8,5.07836066921051e-14,8.164254318549903e-13,3.341843115744605e-12,0.9999995245900681,4.6429976325921155e-7,5
1.0575080259598493e-5,2.9683926766189455e-6,0.9992817227244084,0.0006995818022802046,1.097480189220968e-32,5.152000375088196e-6,3
0.002287600946445107,0.00452341087843336,0.9931823446174705,6.643503242991739e-6,5.74405760298708e-33,5.440818856178853e-11,3
0.00042848704275270884,0.0002909100576413078,2.9572988716967954e-6,1.161243572582927e-6,0.9992749298781813,1.5544789803645648e-6,5
5.402696019897101e-9,8.702705778979884e-21,3.916382865229758e-15,8.883711633426392e-16,0.9999999720404361,2.255686301373253e-8,5
1.6153451327790576e-5,1.9016703285819008e-8,7.350941977071295e-6,3.299892325113422e-5,0.9971075925554247,0.002835885111316016,5
6.850151601484273e-6,1.9943784645292005e-11,2.966062158823026e-9,1.045602566446395e-7,0.9959749234322819,0.004018118869854049,5
1.97390517694382e-6,8.446468118450155e-14,2.623342424938537e-8,4.9098020401612986e-6,0.9999775884623581,1.550159691604745e-5,5
9.39902776854732e-6,3.5455385420843755e-9,3.197474383316184e-7,0.0005953203025421881,0.9993853262815218,9.63109519066071e-6,5
0.00011213234579371939,2.2225372779602763e-16,7.747924788079775e-10,2.587518283986988e-13,0.9998875068289779,3.6005017704557276e-7,5
3.673147528053173e-8,2.643234948503541e-5,0.00016549058401219179,0.9998072845333343,1.9871484978531192e-27,7.558016931987995e-7,4
0.00026058635092717327,1.985437685684923e-12,0.00017848329504710383,3.390647970785889e-6,0.9995441802079404,1.335949612900884e-5,5
0.0007352473558880668,0.9992643901659555,1.7011197546694626e-7,2.2036257511737216e-12,1.2465606409832467e-16,1.9236397728133568e-7,2
0.003195182230121243,0.9766000326534505,0.019918939540868152,0.00028584556468556763,1.0070300932999862e-28,1.0874285366656953e-11,2
0.9998685241304403,1.116585730045843e-25,0.00013140679106072494,1.276412612837021e-15,6.907797942514735e-8,5.18369994090369e-13,1
1.460338384604597e-8,2.847845389357221e-6,3.071067322317613e-14,1.1047120248449241e-18,7.003829442439279e-11,0.9999971374811578,6
1.5584261335521988e-9,1.863528525204031e-8,1.5700562793188371e-15,2.6780807768234018e-18,1.5420888121761638e-11,0.9999999797908662,6
7.124603410208888e-5,1.7084153698781947e-8,0.9999285111126887,2.2576892173027887e-7,2.7110261521260673e-37,1.337007244223574e-13,3
0.9995021545199109,0.0004974381699956873,4.0731009342331057e-7,2.843017996193255e-21,6.894467844675026e-42,4.415184305877026e-21,1
1.0609940357109594e-6,7.687702342423159e-8,2.9381582327637906e-6,6.615006221271608e-7,0.9998554789651798,0.00013978350490617653,5
0.0016548846854774015,0.0006395200459451348,0.23132959994683297,0.7624043116440147,0.0028030798866558538,0.00116860379107388,4
3.547058245602276e-158,1.0,7.76690294729457e-24,1.0371249467138038e-31,0.0,6.203566116137609e-225,2
1.0115221076695239e-6,2.2083102572462455e-14,4.3610217684314574e-13,2.40481173198455e-13,0.9999989685225077,1.9954685975828983e-8,5
2.6630241042532247e-6,8.874578532352975e-8,0.0001463575215301876,0.00022792946266026777,0.9996204843238203,2.4769220995953987e-6,5
0.0015221785824211128,9.300996395913239e-18,3.320836799503581e-9,2.1431829015268173e-12,0.9984773000999135,5.179946853896909e-7,5
0.005416041077810356,1.8059808100039578e-11,7.467645836737118e-9,3.6433681376802046e-11,0.9945822543421535,1.6970578967376342e-6,5
3.9541012374362854e-8,1.5066507616299458e-12,1.533105926268976e-9,3.99608178418282e-9,0.9999902333970796,9.72153121374895e-6,5
1.6228456850558544e-7,4.530916073853636e-15,2.85786941713598e-9,6.218414374168388e-10,0.9999952632916677,4.570944048524788e-6,5
6.337351671969777e-6,7.859582181116638e-8,0.00023085433050897445,0.024215202201878092,0.7935499555701695,0.18199757194994964,5
1.4986043595895174e-7,2.516266968466202e-11,3.921220398892234e-8,2.0279500824362246e-7,0.9999939328117095,5.6752954796914846e-6,5
5.0429521207318544e-5,0.00028776722862877,6.947687204269113e-6,0.9996548554558655,2.0602547444795402e-22,1.0709423902723612e-10,4
1.785066916525124e-5,3.1984409484667556e-10,6.595620880791471e-10,2.288149440207855e-9,0.9999820677477692,7.831550998624708e-8,5
1.0703560959697072e-16,3.137836311805497e-22,1.72297524384359e-19,4.8666432094192263e-20,1.696979888894549e-12,0.9999999999983029,6
9.112069105039113e-6,5.652130454820668e-11,1.3047936633038228e-7,1.3573426931719217e-7,0.9999318664737459,5.875518699219244e-5,5
2.9022896656149694e-16,0.0043183489138546895,0.008410327319130951,0.9872713237670141,1.4814470776122262e-145,1.2851457592649889e-19,4
5.5022094239149e-10,1.3384665225805828e-5,0.0007631665974337557,0.9992234479923808,5.180065156430193e-61,1.947386773555772e-10,4
2.560906542977487e-5,2.05344317911126e-6,0.005195117596911772,0.9936494388030813,6.378749849679193e-6,0.001121402341548296,4
1.0184616343933409e-11,1.4984178211649907e-8,3.4820099941759915e-11,8.170286357977215e-9,6.046188424350734e-12,0.9999999767944845,6
0.9491694956153317,9.740493134516867e-29,0.00012531172058445248,2.3615560821698265e-13,0.050705141552152784,5.111169500369586e-8,1
2.0815066428554694e-9,0.00015706536079407234,4.134472928020625e-5,0.9998015705604585,3.0734318999987343e-38,1.726796052150255e-8,4
3.2171760171779296e-7,1.8070422467349334e-13,2.218752415436762e-10,4.7545010627559985e-9,0.9932896052759782,0.006710068029863011,5
1.4572801895135185e-36,1.8467290172334624e-35,1.0,2.2366899314523985e-37,8.66505201620955e-99,2.2580679378880372e-42,3
0.0016454372540202484,3.9508670227560816e-12,1.038398619179755e-5,4.3120319357550906e-7,0.9982979487455629,4.579880708069474e-5,5
1.6183472186463873e-17,0.01869362004589794,0.006286837859251719,0.9750195420948503,3.2944458201902943e-161,2.6586203511035703e-22,4
4.1139485322080245e-6,1.870799363225951e-9,6.885405595121685e-5,2.5197488758789652e-5,0.999864933239376,3.689939658243917e-5,5
3.7723426837414272e-6,4.700769375403689e-9,1.9609346552062375e-6,3.987296782305419e-5,0.9970362990729511,0.002918089981117545,5
0.0001172100462264872,1.0576701936325335e-5,0.00039393645531236426,0.0016719113705029355,0.0013547587327610332,0.9964516066932608,6
0.0078061898168285005,5.546019824136629e-10,0.9869984303251493,0.003320425253789763,3.238424506301037e-5,0.001842569804567272,3
1.952119397664754e-5,6.122479313236874e-12,1.081612638852466e-8,6.389090965605454e-13,0.9999779290310657,2.5389520697821174e-6,5
7.27106358556175e-6,0.0001178930381712048,0.04068130317057009,0.9587158152272696,5.335103404702675e-23,0.00047771750040350765,4
0.8926133097140144,0.022223345808193525,0.06194711829353582,2.2819641280055643e-7,0.0001369064615169468,0.023079091526326603,1
2.520076260857112e-5,4.0897242977174236e-10,1.7521274846816907e-8,7.582775261358913e-9,0.9996249727051839,0.00034980101918509655,5
4.690173653224031e-5,0.0006980665066281938,0.0009750235390166092,0.9982784956712257,2.2708469699169087e-9,1.5102757503523431e-6,4
6.866892770896947e-10,4.316942532153538e-9,1.2722600331559092e-11,7.874519351309619e-11,5.499258720802931e-10,0.9999999943549746,6
0.00011977728112644497,0.005315695467726741,0.003240945566267277,0.9907286182481374,0.0005864040463192433,8.55939042279684e-6,4
2.321245835261699e-16,4.307268916028766e-21,3.7794908666902215e-19,3.0412656974551877e-19,2.1590300185846775e-12,0.9999999999978408,6
0.0006337367684867416,2.2388561138262372e-6,7.563572031338325e-7,1.6637216806305546e-7,0.9993593959665259,3.705679502412402e-6,5
5.914841604719624e-8,1.3644913086117247e-13,2.2614142767790244e-8,3.070455701484009e-8,0.9999916063625439,8.281170203774588e-6,5
0.00011896696428163916,3.6515907873209407e-14,0.9998708540418849,1.0178601688724297e-5,9.770845320614753e-35,3.921081378228869e-10,3
6.295472393334928e-8,0.09557752300550322,0.035672899826643976,0.8687495136397043,5.523354212133442e-56,5.734245103904001e-10,4
9.275259984366446e-7,1.0190135773719291e-10,1.08252601888338e-9,4.898062055831045e-8,0.9994378483113863,0.0005611739975674399,5
5.799047666240184e-9,0.0002905044822289393,0.18994034682954952,0.8097691064549077,6.592654010843372e-57,3.64342660646396e-8,4
0.01229948969649501,9.282556289945526e-12,0.3110889886432061,9.923799621851938e-7,0.6766063014864094,4.227784644849906e-6,5
0.0012039445910782748,1.4852793380679951e-15,1.2043896819817157e-8,1.7361141334225943e-13,0.9987960155631737,2.7801676019206167e-8,5
3.574041324639543e-7,8.137054805618873e-17,2.178496341851551e-12,1.89236181521715e-13,0.9999993893240621,2.5326943765855384e-7,5
6.164594629479113e-5,6.997749449276738e-10,1.8946729822678123e-10,7.443931534442718e-11,0.9999377380543818,6.150356418305116e-7,5
7.256811034031522e-22,1.9383698166574844e-22,2.7238347741193064e-25,2.6436198151803955e-24,1.0,1.1016433444781768e-20,5
0.00017220825678208884,0.9998096995065044,1.8092236713350577e-5,6.538382031064615e-22,2.362850980752586e-83,3.991874934355798e-26,2
6.4402508377105775e-9,3.498464961748671e-5,0.009655055191404685,0.9903099536542019,4.3205155424681886e-52,6.45250391654697e-11,4
1.757036704497741e-6,1.1743964409275164e-5,0.000370966367276206,0.9995603602547044,3.4776445998367206e-5,2.039593090730953e-5,4
1.747790614357381e-5,4.833460594586521e-8,0.00043167315711690655,0.0005593152487411218,0.9988388649762381,0.00015262037715435285,5
0.9999772307877093,1.3112491924173522e-6,2.145796309690488e-5,1.1143028124102804e-15,1.095447309204382e-27,2.7227648266470075e-16,1
5.971579468036016e-77,1.0,3.1781511331407607e-59,1.2781396478337881e-113,0.0,1.479470641187825e-191,2
1.5286326863167922e-10,4.320624234494622e-5,1.1862826885472363e-11,3.478152364775567e-18,2.6483214343273165e-16,0.9999567935929287,6
2.650032272060275e-7,0.0001950555991024552,3.72577631049583e-5,0.9997674212909726,1.025719861654419e-29,3.435927127443944e-10,4
1.3585790343027475e-5,1.736770975824091e-9,1.5758393015029565e-8,1.549084027501582e-7,0.9999841462984836,2.095507606721205e-6,5
4.238861604234308e-11,6.66870542549584e-9,7.227249625416077e-21,2.4390960845577237e-28,9.093734822317049e-14,0.9999999932888151,6
7.437526550214139e-7,2.624806172079161e-14,3.047356769829108e-10,5.743505157437285e-12,0.9999973110104217,1.9449264179703218e-6,5
0.02016390089430967,0.979836098784301,3.21389325417672e-10,2.503658014245425e-32,1.7762618619173946e-74,1.5649138813956117e-31,2
1.3319039454817528e-25,1.0,3.1603178546993045e-26,6.27207564331898e-20,7.012236167686201e-78,1.474618825915884e-27,2
1.0237922339519227e-6,0.0024035980459101384,0.9477169375737262,0.049878321166144934,2.8733502346187737e-47,1.194219847506877e-7,3
5.393954108442499e-14,0.9999037706980081,9.622927695258058e-5,2.498532407569101e-11,3.0588516626848082e-146,7.595482983816117e-25,2
1.074304219437176e-5,0.9564066244211932,2.162258161221652e-9,4.312727127490828e-22,2.461655301706044e-20,0.043582630374354406,2
2.1360578733697553e-8,8.328153120743e-15,8.469455669567143e-12,3.950717849984416e-12,0.9999998135076863,1.6511930645200292e-7,5
1.0928482859252847e-5,8.121754368666282e-9,2.3876085398125664e-5,0.000457788209622085,0.999302175057324,0.00020522404304220798,5
6.393250813282038e-5,2.095838796067059e-14,2.2793329578563216e-7,7.643293888647482e-5,0.9994962675738763,0.00036313904578763915,5
1.004545050267033e-20,1.0,4.129176315865265e-22,4.907156480602981e-50,3.4374203707047837e-224,4.944457207835515e-53,2
0.00519682041860352,0.00011198536907165223,0.9362747039812596,0.05835752902896796,4.6251720123764556e-5,1.2709481973590123e-5,3
0.0001584622278230934,1.268206705393428e-10,4.4353323427271345e-10,5.602764933134163e-12,0.9998401896368366,1.3475593836271751e-6,5
6.2857477438448365e-6,1.891108518489929e-12,4.5346623077305546e-11,2.9058825577855504e-8,0.9999913321821065,2.352964086403739e-6,5
7.949494000732706e-6,1.570092875641003e-10,4.3892504370669276e-8,2.051337516886175e-5,0.9999647116198591,6.781461457626269e-6,5
1.6231776792570645e-52,1.6498027745770013e-49,1.0,5.443628686463502e-51,1.3639780188519115e-93,1.097625030900478e-40,3
1.6885319228919695e-7,7.764261811249563e-12,5.1557323197317366e-9,2.1963693081166247e-9,0.9999843029746129,1.552081232899607e-5,5
6.933332418937395e-5,0.20040169416976705,0.00014519013263393615,0.7993832979009916,4.03091074190076e-25,4.844724180512128e-7,4
1.4579701120767582e-5,3.974380601822742e-5,0.020906705168972303,0.9782203965806461,8.263735332608928e-9,0.0008185664795073245,4
2.574903077288664e-7,2.2387059723123852e-20,3.097025641083545e-11,1.3746883186541169e-15,0.9999997070693687,3.540935186764661e-8,5
0.0004483666056944723,2.1417120391935105e-9,1.5949912191607948e-6,1.5604168939142375e-10,0.999548769612968,1.2664923645991662e-6,5
7.108354158165361e-6,2.158560382145429e-18,2.2331360115431182e-11,3.280959006004096e-15,0.9999928141650332,7.745847407597353e-8,5
0.0014010931303345664,2.590843220011997e-8,1.82007199802131e-7,1.715154909966907e-8,0.9983506900733843,0.0002479917291000061,5
5.814984443195095e-6,4.799182113011801e-9,4.599559703838199e-6,0.04371562114333455,0.956009800436688,0.00026415907664823775,5
0.00011581969367492675,2.534566640993814e-8,3.679768364814607e-7,5.19764532531602e-6,0.9998630179880978,1.5571350399036335e-5,5
8.10457744646557e-7,6.260055075304891e-12,1.028122443244289e-9,4.9324527246733906e-8,0.9996256856420317,0.00037345354131383934,5
1.4837527437097285e-5,2.1472145592426706e-17,6.044617536948804e-10,2.8682069281288816e-9,0.9999848021304693,3.568694249108167e-7,5
1.2512505562401249e-5,9.776239106243e-5,0.029514201935399952,0.01601355498004161,0.9541018906721834,0.00026007751575017634,5
2.9861126661547367e-5,2.240634959407308e-5,0.0007558395967506103,0.120534525917846,0.8606796953719674,0.017977671637180316,5
3.6915105751538055e-5,7.21737456960353e-5,0.0009553669635665043,0.9989252771146383,2.0109618375884157e-17,1.0267070347729058e-5,4
1.8526149179800262e-7,3.376564056738313e-17,0.9999996835474854,1.311905218970729e-7,2.0663920144960165e-66,5.00912273274669e-13,3
1.143396110965326e-5,1.1275480098772373e-12,2.8284977735072187e-10,1.0062691950346768e-11,0.9999862987953833,2.2669494670666973e-6,5
6.54113364024116e-6,3.400939232140937e-13,1.0155567685578294e-10,1.3111056783629471e-8,0.9999907218274418,2.723825965508683e-6,5
6.390253617941395e-6,1.8538861413982303e-7,2.5497200398459963e-8,1.108236009126729e-5,0.9999103771340448,7.193936643144155e-5,5
5.224925018144946e-6,6.718264892685939e-16,1.6365225472659837e-10,3.9522555670597136e-11,0.9999788449889015,1.5929882904828664e-5,5
2.3753301475404812e-7,5.064765208389543e-13,6.651132877312409e-10,8.193398020150233e-9,0.9993694704460868,0.0006302831618805862,5
9.277524785869258e-6,1.0800618230607649e-8,0.0002641889457439246,0.07469749402880406,0.9210389345771384,0.003990094122909579,5
1.15253062625236e-7,0.00016605688265232995,0.0003411648464413434,0.9994925614785498,8.227419147500937e-19,1.0153929384197166e-7,4
0.000246943756713441,3.076128965859512e-17,7.244491058734062e-10,5.774455108331304e-14,0.9997530380251677,1.7493612045827576e-8,5
0.0001265136828181652,1.9608135914936852e-7,1.2140724062008908e-6,1.4433187684807165e-6,0.999870289388889,3.434557590198658e-7,5
4.790931868758018e-6,9.353289126463998e-15,8.721909053424177e-11,5.145681406962527e-13,0.9999948628429342,3.461374540216317e-7,5
2.9038306174171866e-7,4.853691758220664e-7,0.9754816800510527,0.024517544101292425,1.912293027119981e-45,9.541727480537014e-11,3
1.9628753460256335e-13,0.9999947887171577,3.2698820233862024e-20,5.2112826460109525e-6,2.4255378334033786e-55,4.042579382093753e-23,2
0.0006417558570189458,3.407146164908603e-8,2.379872414329233e-6,9.960668457687497e-8,0.9993551138957149,6.166967057334855e-7,5
1.710171408526669e-23,4.489418105627813e-27,2.6466887946317044e-27,7.21681788902116e-27,1.0,1.9937626231035404e-20,5
0.999999966755295,2.2680452934131377e-12,3.32424366435784e-8,4.9489748112879305e-24,8.242258305660391e-28,2.320117830846805e-16,1
1.2854510382894156e-6,2.3109055604975407e-14,2.3634590009379903e-9,9.127185485855818e-12,0.9999954489925579,3.2631837945681467e-6,5
0.0001726507390868505,1.667571864328358e-16,7.126528024583694e-10,1.2901518649265e-10,0.9998260024781012,1.3459411437408442e-6,5
0.009266269582953155,2.530480545586342e-10,0.9854691099180235,0.00516036086546715,0.00010391203725957328,3.4734324855383034e-7,3
3.9924937537706163e-25,1.0,2.94997387136848e-35,1.3860420704669529e-73,8.364633784792439e-154,6.0339155264052e-67,2
0.04142615297062619,0.9585737013304924,1.456988815459156e-7,1.4832378150448276e-25,2.554480883559922e-58,4.044491626283181e-26,2
2.48921881212026e-10,2.8180492847240523e-7,2.328122734065824e-10,9.083323228868104e-10,7.507359415594978e-10,0.9999997160542691,6
2.5915934681458724e-10,1.420016533733973e-9,3.1358537011849325e-14,1.1617475130730225e-13,1.1112258225214715e-7,0.9999998871980943,6
8.72365150524384e-6,9.061819647055151e-15,7.504980006768568e-12,6.0059882217046566e-15,0.9999912758298206,5.111540665402161e-10,5
9.650420871860851e-9,1.4069042623266974e-7,7.113712627610261e-10,1.293978959599211e-9,9.02588345578132e-10,0.9999998467512143,6
1.959633639491519e-7,2.6171828767320512e-5,0.12205416338783773,0.8779163135258861,3.271501909812068e-33,3.1552941449733874e-6,4
0.9320916247766634,3.4680362837555116e-34,0.06790837447956763,8.284507922876454e-16,7.436322846520368e-10,1.3599784661098572e-13,1
0.9989370201333091,3.7483387083689135e-7,0.0010626020722236495,2.7197999852832278e-9,2.9997313676771964e-11,2.1079900455191145e-10,1
1.5402728034082535e-9,5.019048920841965e-9,2.782600893831792e-13,2.6971647893265896e-17,3.755250901424152e-9,0.9999999896851491,6
4.695037061286963e-10,2.6697357864526453e-7,1.9097195620680417e-9,1.05537496532629e-8,2.1556709684667167e-12,0.9999997200912928,6
0.0003094728240166708,5.509337134036417e-6,0.03738863939563632,0.011024746196193824,0.6895322416856701,0.2617393905613491,5
0.002560756953348055,2.4865244337187304e-12,0.9974347504405457,4.484255683651698e-6,1.1767818839777202e-14,8.347924386221908e-9,3
1.0738063932681407e-19,1.2923426308538382e-21,0.13151030069978897,5.803068908409623e-17,3.577759623309277e-20,0.868489699300211,6
2.1786419458927115e-6,4.083361789296649e-5,0.9965690006872687,0.003387987040339871,5.854766581817571e-44,1.2552591368992175e-11,3
9.259942970233131e-6,5.833267803129948e-11,1.6993874946866344e-8,9.127178662882579e-8,0.9997787966806342,0.0002118350524013799,5
1.8788244599105867e-6,1.3830050711232098e-15,1.5096571657341662e-10,4.126247314075027e-13,0.9999980724722112,4.8551949268088294e-8,5
2.1399204682931124e-9,1.0541530452323393e-14,9.107280869184569e-13,1.9582851682227046e-11,0.9999994156485745,5.821910008685909e-7,5
6.246883734278835e-6,1.5514333206276394e-5,4.4093865186383345e-5,0.9998801629991072,7.888197737192207e-11,5.398183988383924e-5,4
2.8807914700930393e-8,1.2986424714712117e-9,0.9999999697835946,1.098481984205265e-10,2.980410540732317e-97,6.887460995426781e-23,3
1.5855683341398975e-7,2.013469281626616e-11,2.9557806598675476e-7,1.1052851478415765e-5,0.9998410777911908,0.00014741520229673708,5
0.0006909249816238172,1.5856849307335558e-7,1.2039773976865648e-6,3.3256192640239587e-6,0.9991791304676008,0.00012525638562064793,5
9.459380534638743e-6,1.5000698962235084e-6,0.011365241060731975,0.9836605113741784,8.322626600138658e-16,0.004963288114657898,4
0.00613968577529742,1.2867331813357527e-10,0.27423725918252656,0.001599947172179512,0.7176181012150589,0.0004050065262642962,5
2.3343026463157706e-8,6.254783186874643e-13,1.1431442172340736e-11,5.638779448033047e-12,0.9999996862011463,2.904381314941985e-7,5
0.00031550032615935747,9.154653976690418e-5,0.00012992343042904787,0.0003748963630232458,0.9848912272980742,0.014196906042547138,5
6.805342548712757e-5,6.189061337036379e-8,3.094896669604354e-5,0.0011945614363427974,0.9983685566205756,0.00033781766028505094,5
4.6277666193976417e-10,6.378368580340786e-5,0.0009837943188102034,0.9989524214772874,4.557698200712682e-55,5.532226897129012e-11,4
1.7856375133963915e-7,6.010641227288005e-13,1.2208223704265682e-10,1.1228356701160415e-10,0.9999998043730495,1.682823236365629e-8,5
4.514683776578949e-8,1.643476998056115e-13,2.0876222189893963e-11,4.3275537087396123e-11,0.999973533394038,2.642139480813073e-5,5
0.9999999999669325,4.455813045697317e-49,3.306758920061372e-11,1.4357709542386805e-45,6.610871790189833e-54,1.226224331252426e-35,1
9.756800111672093e-6,6.667219598980289e-5,1.0321180309953757e-6,0.999922525356192,1.6131937918431733e-12,1.352806240341226e-8,4
4.387964142094307e-7,2.183177676786316e-9,2.7964267496022963e-7,0.0001412459227192329,0.9936594751505204,0.006198558304493456,5
3.735625539464711e-7,0.013866776534492472,1.5881187013170333e-5,0.9861169631726096,7.576892220579997e-28,5.543330823218411e-9,4
5.054694154066594e-6,4.2816583421172875e-5,0.08825747015920014,0.9116887547576977,6.873943149626457e-14,5.903805458124884e-6,4
1.4402784831849404e-5,4.679074798563343e-11,1.783394683167064e-7,4.4429086383685486e-7,0.9999798730286871,5.101509358150773e-6,5
9.807119928058148e-13,0.9999999999985069,5.12434678245284e-13,1.0957627415864971e-32,3.112417821037407e-126,4.667245838796508e-30,2
2.1831392471436392e-7,3.6252372377836455e-11,4.488190670699532e-10,7.83292553946677e-9,0.999996768172379,3.005195699295267e-6,5
5.10199050927237e-5,2.538234241210919e-11,1.6200354773203508e-5,3.377027404174246e-8,0.9999250119857951,7.73395868261636e-6,5
0.0004159066603891608,1.107389165462904e-12,0.9995774671756271,6.625513551160233e-6,3.287467425009263e-28,6.4932521810107e-10,3
1.1666756046048732e-7,2.177367114907918e-18,6.910166501961483e-11,1.2335003811019671e-12,0.9999995747977941,3.084643103074504e-7,5
0.0003821921908355579,1.8139440519098102e-7,2.578896734705508e-10,1.2307363425608964e-9,0.9996149342640757,2.6906620576024766e-6,5
1.5968951515762257e-6,5.082765802467859e-10,2.800169176931089e-8,2.1459032909981613e-7,0.99997768470001,2.047530454093002e-5,5
2.5870609475581003e-6,1.1668066409082597e-8,2.6582447498969113e-8,1.1669170132224144e-8,0.9999956903268478,1.6726925206608467e-6,5
7.890029694824248e-5,0.9983197439851619,0.00014347260802936073,2.1734919432195024e-9,7.778005696752273e-17,0.0014578809363684601,2
1.7797079390595271e-6,7.107576416016759e-12,4.0017502743437814e-10,3.7146126050198567e-9,0.9999955402230329,2.675947132836442e-6,5
1.853822324602102e-5,5.622386260063943e-10,1.1902103691445275e-7,1.965965356093798e-7,0.9999793988124096,1.746784533173298e-6,5
1.2214160410608262e-6,2.260323318604163e-14,1.1499312325947999e-7,2.4729202325276124e-10,0.9999936655752794,4.9977682417704e-6,5
4.178209380587656e-6,4.473764539440037e-11,4.3143802603951575e-9,1.73445203405405e-9,0.9980432450168093,0.001952570680240154,5
2.981444985559877e-5,3.8022955901217576e-11,5.820560176051168e-8,1.8614094179093285e-8,0.9999670284416632,3.0802507623628163e-6,5
6.522317160337271e-10,0.025575515804115517,0.02047764309363378,0.9539468331980704,3.510849443281208e-65,7.251948615840124e-9,4
9.064970376635506e-10,1.2283392936083442e-6,1.8151283729297543e-11,1.1818760988964955e-11,1.1787713062646435e-9,0.9999987695454681,6
0.00021335504835946528,2.1012015925888053e-10,4.6092687832031794e-7,1.7875721385891662e-6,0.9992378310504989,0.0005465651920045811,5
1.7363446556079e-5,1.5524822912935837e-13,2.0528274858477804e-9,3.953309580847978e-8,0.9999821815051806,4.134621848439162e-7,5
1.781497752335988e-8,1.7134509420929358e-14,5.572931517476657e-12,1.5510821726480516e-12,0.9999998114682027,1.707096785773032e-7,5
0.0002156348922682967,2.1127548360672837e-9,0.000789530876944534,0.0002729806546030686,0.998716924301421,4.927162008257304e-6,5
1.1353868528366993e-8,0.00016250313061265252,1.244929844423153e-5,0.9998250358554089,1.6283884126295542e-34,3.6166568328548787e-10,4
7.475782823681483e-5,0.0013533576886463582,0.03531172688387103,0.9632363308315717,1.8332716976165028e-14,2.3826767655730434e-5,4
4.83185725223836e-5,5.501148787037652e-13,4.7612822563926374e-11,1.1036948000119897e-10,0.9995372818751698,0.0004143993937753973,5
1.9432907176936465e-6,1.4446941646387865e-5,0.0018649123808426311,0.9981172370775903,1.1591148524271287e-17,1.4603092029560287e-6,4
1.7197124502558006e-6,0.0010343268394161062,0.023477086231993172,0.9754644821269957,1.1733980390676978e-28,2.2385089144794292e-5,4
2.4259004453869977e-12,0.9978727013789489,0.002124877060789044,2.421557836100915e-6,1.1783642854880283e-126,1.0432865269823905e-21,2
4.4168485024665455e-8,0.9999983720550314,1.0733658773041585e-6,5.100099532310637e-7,1.2419984337098347e-39,4.006529825858737e-10,2
1.618788632846271e-6,1.9296815382271237e-14,5.49550844772433e-9,3.9789720676476244e-10,0.9997760422402322,0.00022233307771008157,5
5.5718457749744695e-5,1.2987349232653117e-13,1.9366046222621826e-7,4.432886254504065e-8,0.999861241113977,8.28024388186032e-5,5
0.0001000447462808601,1.0691188485344512e-15,1.7234452236487594e-10,2.7975553471001616e-10,0.9998999339093894,2.0892228618756217e-8,5
2.3863589121800766e-5,1.362551913265091e-6,0.9978477596165003,0.0021270142202393016,1.7667486275992887e-42,2.2225362285595892e-11,3
0.0008282565423719529,5.78992899503837e-16,2.6214897225353295e-8,8.172281944978839e-10,0.9991714734704066,2.4295509548629204e-7,5
1.6237651155666012e-8,5.19841815895451e-15,1.5713314454134306e-11,4.626424044787136e-11,0.9999971273879773,2.856312388848315e-6,5
0.0038133132676589627,0.00013020063444389864,0.41552294007938917,0.5013299573196309,0.025785713153383332,0.05341787554549362,4
7.515602439545598e-5,4.613360028576999e-15,6.086891889878867e-10,5.757783684558484e-12,0.9999245975558254,2.4580532748162107e-7,5
9.331045196861795e-7,2.638833123009266e-7,0.0001799346336137998,0.012068714581269326,0.9867381212148761,0.0010120325824087512,5
7.935868322766672e-8,1.2397858622910443e-12,0.9999828911579763,1.70294820923351e-5,9.284217812219538e-59,8.339146958175282e-15,3
2.1111608675332943e-5,6.862910023359067e-6,0.001224428534713076,0.06549642923585747,0.9204089228279183,0.012842244882812446,5
2.4426461387726154e-21,1.0,3.890306985396461e-27,1.5438664391213954e-48,6.886049209079475e-66,4.180620797474038e-38,2
7.726158053226163e-10,5.093793783071645e-5,0.00017993121803559984,0.9997691286782954,1.0963089456969284e-37,1.393222532254705e-9,4
0.00017160596766125732,9.317232747380814e-9,0.005035730021166378,3.322378758055499e-5,0.9947368697553309,2.25611510281533e-5,5
1.0,1.1703124206961674e-186,4.1331270739156875e-27,6.770629141932847e-107,4.595611324783277e-37,2.4439900993214933e-63,1
2.17024019056743e-8,1.0358578450591412e-16,5.326810763174248e-15,3.376491307751853e-15,0.9999999374386052,4.085898405671022e-8,5
1.8666302689198668e-5,7.895495240476107e-11,4.755407615541629e-8,7.118616307936896e-6,0.9999327341970136,4.143325095821832e-5,5
6.193459261809891e-8,8.87334899548696e-16,2.9196381648256526e-12,8.635890340103975e-13,0.9999960780236982,3.860037925107646e-6,5
2.072671839881988e-9,0.9999999936252434,4.294438775891542e-9,7.645907483584397e-12,5.615032375517336e-67,3.650756044258572e-19,2
7.361144600155213e-11,8.378090254741605e-8,1.1007266106944959e-10,3.2740979155411806e-10,5.321913074409257e-11,0.9999999156547844,6
0.00013749761388236187,8.463568557541398e-5,0.999722341016511,5.5497792236905284e-5,8.128320009829373e-18,2.7891794211881304e-8,3
2.0040088503116123e-6,3.1548373730089985e-12,1.180986448219705e-10,1.1000204248366346e-6,0.9999879400129722,8.955836499195674e-6,5
2.3051567988819046e-6,5.869579843480665e-10,2.3097142385129558e-5,1.0199593493143653e-6,0.9999263834282345,4.7193726274210585e-5,5
6.579041830995998e-10,2.552366261891293e-9,3.0174250925671276e-14,8.943456382507267e-18,1.563074373863576e-8,0.9999999811589556,6
2.4746009643700894e-5,5.488496612892413e-8,0.0005153607508212666,0.05464129649001069,0.9435447401913406,0.0012738016732176444,5
0.9999999903066914,6.6301818884502145e-31,9.691512924913383e-9,1.9474008493417475e-21,1.7898837261184429e-12,5.729158385887044e-15,1
8.449068717924494e-21,1.0,3.4646209253626614e-21,2.219586608596511e-21,4.653312811979046e-174,4.527041575449202e-40,2
0.00142379164128899,2.1311445466211212e-10,0.9979644135841154,4.2603228026049145e-6,0.0006072880889010607,2.46149777452371e-7,3
5.506498073093027e-7,1.334501753374702e-14,1.2234652243805308e-7,1.525564277874915e-9,0.9999943609914168,4.964486675854358e-6,5
5.457021942135431e-6,1.0080465686104664e-8,1.2070508061328663e-6,1.2871859500942353e-5,0.9575642752755844,0.042416178711700614,5
2.803587481441882e-10,0.00013271398361374724,0.021197646014123304,0.9786696394935025,4.7198810062489255e-54,2.284017754647961e-10,4
1.4504900211989003e-5,0.009722623337964309,0.9899536823110779,0.000309172983217451,9.061650167728742e-34,1.646752841570407e-8,3
2.5708717361945594e-6,4.993849285054426e-12,4.0640886614203575e-10,1.6007558113744794e-9,0.9999926507318145,4.776384290734021e-6,5
2.488437967210821e-5,5.7946599272987435e-9,1.094755836640953e-7,3.3424351905107284e-8,0.9945120105932826,0.0054629563324497836,5
3.053484530772856e-7,2.92847512990656e-15,3.592140516934915e-12,3.0794740821709433e-9,0.9999899329119716,9.758656506264738e-6,5
4.969053083997587e-5,0.0016254066498878992,0.0030547878236848254,0.9952583405513403,3.5722837792657284e-6,8.202160467794172e-6,4
1.3673101679989386e-12,0.9846167255284373,8.773881531989978e-7,0.015382397082042159,1.6650897865804848e-99,4.0407737453074905e-19,2
4.814290922454442e-6,1.3760655070408982e-13,8.251801202535793e-9,9.087050089552098e-9,0.9983605842660126,0.0016345841040759624,5
6.220571719855201e-13,5.981526644011375e-8,0.999937404122769,6.253606134238617e-5,2.964512579269993e-107,8.349687943927302e-17,3
1.671269967663577e-5,0.0005155329590317565,0.009339766701328476,0.9897375260935672,2.629662266477953e-5,0.0003641649237311306,4
3.4796019128739676e-6,0.00010797914065190061,0.0012122800777793648,0.9986591264989387,9.687465138859028e-8,1.703780606584593e-5,4
6.218580815459367e-12,0.999999999397179,7.013339142970084e-21,2.7113484017698396e-24,5.595966850196505e-36,5.966024046288488e-10,2
4.691379729913381e-5,5.200811114001447e-8,1.0203962184583477e-5,2.1611478932455013e-7,0.9999398911525538,2.722965062086502e-6,5
3.11826063701658e-11,5.965772688671566e-7,9.757856048254776e-11,1.3249929037125788e-8,3.472581655057537e-11,0.9999993900093151,6
1.3477784025898177e-7,8.457322518973404e-6,0.0007932963267452174,0.999198069367501,7.367458123861343e-24,4.220539458653791e-8,4
9.163209323941225e-18,3.9551571503400604e-23,1.0307556367644229e-20,2.6930615677945395e-19,9.655188510371866e-13,0.9999999999990346,6
1.6662810598705127e-6,1.2024203461972698e-20,5.656140210913082e-11,2.3109456987529945e-15,0.9999983096536441,2.400873228427908e-8,5
6.95071438150535e-12,7.6007075002783e-5,6.193457631035903e-5,0.9998620583408194,1.3841328024833292e-67,9.16656633263137e-13,4
5.11196563111148e-6,6.7883347247283974e-9,1.113258245863899e-6,0.00017083984096685867,0.9996427437255213,0.0001801844213001132,5
8.37716469215618e-9,0.0008312051524296319,2.927781977809214e-5,0.9991392143879372,4.032374820016958e-46,2.9426269042220993e-7,4
3.1639558445359034e-6,1.1503079962162374e-11,1.0988107555180306e-6,2.361404275320416e-6,0.9971960148006934,0.0027973610169280956,5
1.0356899392758736e-8,1.8850350224869058e-15,2.284054566515309e-12,5.7411490203762254e-12,0.999998708111508,1.281523565483345e-6,5
2.241254083654172e-6,2.080316038495112e-10,0.00017034366276289948,9.210323551311375e-6,0.9998170187263848,1.18582518564702e-6,5
0.00023456776348436642,6.873357803550213e-6,0.011652253651093143,0.19417980909746313,0.7923444699413594,0.0015820261887963768,5
8.979961285398292e-6,3.135025862354142e-9,0.00010377221870739202,1.7816493119751088e-5,0.9977440990708604,0.0021253291210012017,5
1.236882598449775e-6,1.5524292929725089e-12,3.6443284777021487e-9,7.428101276861186e-8,0.9999032711639997,9.541402650823719e-5,5
0.0002458073727285727,1.0602354083478443e-11,0.00010895148713517555,1.7999084035670097e-5,0.9992324731355497,0.000394768909948461,5
0.0002859948238617882,8.982103752252342e-5,0.9264961716671026,0.07311294353574298,1.3769981954233273e-20,1.5068935770140177e-5,3
5.274166293980298e-6,6.653844225999553e-14,4.2490847032056316e-11,9.69508045875849e-9,0.9999534969764673,4.121911960087133e-5,5
4.322235763162935e-9,0.999999994829627,8.481371540437357e-10,3.057973465362869e-17,1.2861339016562804e-34,1.1558325473504857e-16,2
6.179994409708861e-7,1.7792701687980187e-15,2.1682144624721944e-11,3.235962138536119e-9,0.999995539362495,3.83938041804645e-6,5
6.238911437182993e-8,8.909073908586519e-14,2.124974338931282e-11,5.681748404154698e-12,0.9999702156035665,2.9721980298527943e-5,5
1.2104149708240196e-10,5.094989762641096e-10,7.090937414172438e-15,8.03459670542967e-13,2.4058830274398826e-7,0.9999997587803462,6
1.1928819232793214e-18,0.9999999999892726,6.924285196734989e-14,1.0658175597154237e-11,7.686720745157869e-126,1.7745686651796422e-19,2
4.230031748862924e-6,4.172435658795933e-11,0.9999563367969174,3.9430890903939014e-5,2.6616892021126988e-46,2.2387054050211114e-9,3
0.0003063834646229933,2.2548835312879595e-11,4.2718242709802507e-7,3.4289887247772104e-7,0.9995551437394751,0.00013770269205357974,5
4.565892974572495e-6,4.4960690886933074e-13,2.704756484756809e-13,2.164998129869059e-12,0.9999902830620523,5.151042088051089e-6,5
0.0001266891755370469,1.802987008268534e-16,4.924316069594212e-9,2.783643217946222e-8,0.9998724709354893,8.071282252826556e-7,5
5.189420517370481e-5,0.00039912983422059426,0.0007660929798263298,0.9987828728218596,3.1607010075546323e-10,9.84284965050185e-9,4
1.9900907779292696e-10,1.7961542992537762e-7,4.343966945116614e-12,1.0768929573167667e-10,8.378771616706413e-8,0.9999997362858115,6
0.00031210924886636255,1.0678156238123387e-13,0.0005382283659713117,2.1675292275065806e-6,0.999135080238786,1.2414617041965252e-5,5
3.272694552250565e-6,2.1341585841856663e-5,0.2750910828653659,0.7248801231877532,7.067133899273447e-28,4.179666486864557e-6,4
4.693423115155149e-5,9.226617874922338e-10,2.6724859536212862e-5,8.348965755872276e-7,0.9992496921288838,0.0006758129611910736,5
2.291522738775639e-8,5.308690371659709e-16,1.4664180978310802e-11,2.1176361083138356e-12,0.9999972649089109,2.712159079290769e-6,5
6.884022040932555e-7,0.0001066172678802075,0.0006463756322010702,0.9992460251357816,1.6875039829339797e-21,2.9356193304288386e-7,4
3.7477730684732886e-6,5.505612235492095e-12,4.055061762804524e-6,2.002113267074387e-6,0.9996890440570699,0.00030115098932620665,5
1.2215702781450394e-5,1.1683042166898285e-8,1.2009068317025571e-7,2.7074794812099355e-7,0.9997578488369927,0.00022953293855239358,5
0.00021788122526227808,2.7078410993250945e-7,0.1278848554940302,0.0006560373405581357,0.8712294451730975,1.1509982941978204e-5,5
0.00011130511521512224,8.317684901129177e-7,0.00014998569056618957,7.85046209798196e-6,0.9997206230667472,9.403896883415476e-6,5
2.858003451018839e-6,1.4958839069388588e-12,5.644753609962482e-6,3.831570673236039e-6,0.9999682079671276,1.9457703642247838e-5,5
1.2788933334735748e-5,6.450553568202447e-10,1.3865638592274125e-6,3.713271366928678e-8,0.999983317759279,2.4689657580314098e-6,5
6.898283340376149e-5,0.0007599606095531206,0.05399894972935299,0.945171171845528,8.249223582323119e-24,9.34982162099979e-7,4
4.471170978213111e-5,4.975932602450236e-13,6.124848373035989e-8,3.0333234757174835e-9,0.9999478682297043,7.355778208851883e-6,5
2.2501256693576842e-9,0.0025346789526459104,0.00038795264183961016,0.9970773661521678,6.197319791547511e-63,3.2209986927955482e-12,4
2.2479501988143368e-5,0.0002683172544389136,0.7702298528190282,0.229478517241964,3.3787945170862118e-12,8.331792019029791e-7,3
5.366906484819172e-38,1.0,1.1467159451401562e-27,1.1640819448899395e-27,1.6238519470822388e-202,2.6760785578361014e-45,2
7.674813559157726e-6,2.0473460485782172e-8,0.9352797444681434,0.06470668879489755,2.387772517863386e-28,5.87144993943787e-6,3
2.044926112356683e-6,9.245805198990813e-12,3.5645425758981686e-7,6.370044659227167e-8,0.9999969889379924,5.459719453118305e-7,5
5.5077736901342245e-9,2.042333889207303e-8,0.9999669583902403,3.301567864719958e-5,1.2567948344576967e-87,4.087723448057087e-17,3
7.869766035631481e-10,0.003981791781160866,0.13005046718356925,0.8659677381469391,4.518938172203301e-66,2.1013541084430694e-9,4
2.294287193607894e-7,1.9642749323757375e-13,6.936426188513386e-8,2.0589545714632544e-8,0.9999975960393835,2.0845778931341616e-6,5
0.057308256561194836,2.3079282683937593e-11,0.02074003135676732,4.4211966869519716e-7,0.9213348391905392,0.0006164307487507047,5
9.922976439922781e-6,7.680169408517305e-13,2.1389580224494912e-10,3.8108711147203476e-12,0.9999872159440494,2.860861036109232e-6,5
9.885619493916901e-6,6.188142108309428e-11,6.582665027906924e-8,2.9950035953105973e-7,0.999955576972396,3.417201921888393e-5,5
0.0017253708438292668,5.291664825745581e-7,0.0028383151944232393,0.00021937642466335062,0.9950128781945993,0.0002035301760023457,5
1.0486173274374026e-6,1.632015620918416e-13,1.4540052345431666e-9,1.042997517111713e-8,0.9999344776788542,6.446181967470317e-5,5
0.00010497569839055667,3.564482777996402e-5,0.017149220794885282,0.9782142734482757,0.004490136835679022,5.748394989502601e-6,4
0.000896544143168342,0.00035350356993098074,0.0004052910067528748,0.00048231530352087795,0.9959069549267969,0.0019553910498300046,5
2.4133904682799893e-19,1.0,1.548943516603379e-23,1.1864030977479571e-29,5.8947787875062165e-18,2.2031032633024422e-17,2
0.008346525848784876,3.0354935189468375e-16,2.0728337242224934e-9,5.9406436037267055e-16,0.9916529479725351,5.241058453628752e-7,5
2.1299046892321592e-7,2.6689914973788173e-15,7.235324382567345e-12,4.883019826321058e-8,0.9999659698009096,3.37683711853138e-5,5
1.8802157007864697e-6,9.288082994936017e-11,0.002910655341456761,0.0002896256781431127,0.9966787242093601,0.0001191144624584773,5
0.00021626944834432765,4.1141261596459944e-12,1.6174744360554502e-8,7.236376699444918e-8,0.9997825596170343,1.0823919958563974e-6,5
3.032875784493498e-19,1.2847982687082506e-21,1.5850308056973402e-25,1.13505411670801e-34,5.1535160238222303e-20,1.0,6
0.014046860401528747,2.2223219311938546e-12,1.454736561036359e-7,7.58450421318827e-12,0.9859511814382751,1.812676733214835e-6,5
0.0006266687977258774,9.027900482288454e-11,4.717439103783781e-7,9.103480664591206e-7,0.9993442014613344,2.774755868385584e-5,5
1.0522123640130196e-20,1.1496146424562669e-22,1.9477528671599966e-19,6.61576916467274e-20,1.0,1.9396751372894624e-18,5
0.9990252262713899,6.16976352056566e-8,5.964753727129472e-5,1.262279903631692e-10,0.0009138959929297035,1.1683745459017328e-6,1
7.245770696885977e-6,1.5892632385448738e-5,0.0008088120982121357,0.9991680493163452,2.5058779962550724e-29,1.8236035696791906e-10,4
0.00017465956614230897,9.829901110450792e-14,4.761101500709583e-7,1.62467583327056e-10,0.9998248059431283,5.8218013381817855e-8,5
1.4071645678171347e-9,0.003607952000328812,0.0008092100861828599,0.9955828364607335,9.250739759911232e-61,4.559025970478586e-11,4
6.315023046612735e-6,3.5468261117014495e-10,7.604350303336041e-6,1.1677268922597073e-5,0.9997024657281467,0.00027193727489815164,5
2.347290505207456e-5,9.434118304965618e-11,3.939033840247787e-10,3.9753749351362845e-6,0.9999691851596962,3.3660720719728346e-6,5
1.0149429097695382e-5,5.489619724475416e-9,2.375865673755623e-6,0.00010995384041898723,0.9995147465636777,0.00036276881151211827,5
9.348188586987329e-8,0.00022885641449280823,0.7720046830945353,0.22776633270482813,4.879367666589521e-53,3.4304257725577455e-8,3
3.4496601815650884e-10,2.4767069510295423e-5,2.8822888235785337e-13,5.714116482408508e-17,5.710189576920852e-13,0.9999752325846644,6
0.00012649233815164063,7.504177189679992e-11,3.670883087426143e-7,3.51550338731096e-8,0.9998646979984671,8.407344996844756e-6,5
3.59508604187059e-17,0.9999999999998169,6.583859707412348e-15,1.1826480980960749e-17,3.3359698315252095e-98,1.7653489383084406e-13,2
0.0003146435816599091,3.655114616778783e-5,0.0019985897167091853,0.0006603547765262526,0.9969890803593099,7.804196270688893e-7,5
0.9998109034244733,1.9390026298345762e-7,0.00018887129801677786,6.930559345262548e-11,9.830383425699948e-9,2.147755790262086e-8,1
2.162895265784573e-5,9.90975616211202e-8,2.684632511590543e-7,5.628931302464119e-6,0.999952049991825,2.0324563401907397e-5,5
1.2768340823033452e-5,0.00023052445527847474,0.0021166188773730234,0.9976305639978609,9.357536855988782e-9,9.51497112777101e-6,4
7.686864783835665e-11,0.999999923877725,7.604540643751128e-8,9.163543171363551e-29,1.6139239389270568e-144,1.9224030223207962e-37,2
6.079000146115914e-6,0.00016344290499598592,0.023719072755358558,0.9761112753793355,4.0078797901472e-23,1.2996016383010903e-7,4
3.693329669049503e-10,1.6172987730445673e-8,2.2440968338704187e-11,2.5160056123831904e-11,9.081444584742394e-9,0.9999999743286337,6
3.3303979938493934e-6,1.0225376998581204e-14,6.886254124160198e-9,2.1190914948620442e-10,0.9999772411966011,1.942130723148332e-5,5
6.065633039987985e-7,2.2684016449202524e-6,0.7492135223228009,0.25078340521033005,1.345636643820014e-27,1.9750192002205038e-7,3
8.985323153373453e-9,7.275798980236336e-19,8.202270238254658e-15,1.504255875404027e-14,0.9999985247084895,1.466306164206366e-6,5
1.4451133308679369e-6,3.895422165565938e-7,3.809898468068085e-7,0.0005197923124985145,0.9928505003358162,0.006627491706291117,5
4.880175347919382e-10,0.9999999995119756,6.8818934643864875e-15,3.4693586737187008e-22,1.6146477799083453e-100,5.767590375871044e-27,2
0.0007440044480936766,1.361847016683496e-9,5.199967236015483e-9,2.6952209386672103e-7,0.9992482704338397,7.449034158628914e-6,5
1.166796106990559e-5,2.621005822431288e-11,0.9939538605874839,0.006034471047044194,5.802969262348025e-32,3.7819192530027236e-10,3
3.4116572464032745e-6,8.480123403768445e-10,4.6917546643961514e-8,5.335865882422834e-7,0.9998347052514154,0.00016130173919093148,5
4.127659438861879e-17,4.38784296150749e-23,9.551747557296495e-20,3.174536442714808e-19,3.086046405433321e-12,0.9999999999969139,6
1.773041850940296e-9,5.642590001425968e-9,3.215656162362754e-11,2.9504078739779867e-10,1.2851564041647872e-7,0.9999998637415304,6
0.013469262924265198,1.0920443810043515e-7,3.891288249542447e-9,1.6894976979985638e-9,0.9863854420253202,0.00014518026519065962,5
8.280949694344816e-8,4.5770415972685866e-5,0.5002431735709716,0.4997104669595388,1.6295356548717405e-48,5.062440201708433e-7,3
2.716776325567296e-5,0.9999688034684658,4.028768278491659e-6,9.206268098972391e-29,8.439797151746235e-94,8.436273283059703e-28,2
7.292544474241176e-13,0.9999999982823413,3.008672374886621e-10,1.0568268006027838e-13,6.494518977528368e-75,1.4159564982898257e-9,2
1.670224394429042e-10,0.9999789556001959,2.058853930689973e-5,4.556934170234466e-7,3.3031988013555987e-79,5.784111454609815e-14,2
0.00011950367900691787,4.259483402309624e-14,1.013423044178196e-9,1.9683695851849642e-14,0.9998798461895584,6.491179494280069e-7,5
0.00028901331094996567,1.0998095702875415e-6,0.02453170295880813,0.9751765650014593,7.410935552089747e-21,1.6189192122925316e-6,4
8.123246620623973e-8,1.1145688435586483e-9,0.9929881606130274,0.00701175702714512,3.1470495096698953e-52,1.279231651876498e-11,3
1.1682049877637382e-9,4.640460855971952e-9,6.190037206172092e-14,8.0870600563561e-18,1.1298672207132582e-8,0.9999999828926001,6
4.870237847704793e-5,7.410636910598344e-11,4.99938788297606e-10,9.319942166161454e-7,0.999939703433943,1.0661619318189899e-5,5
5.709217980404216e-7,1.8704087801902954e-14,1.604065973084288e-9,2.70717199198075e-10,0.9997359463882732,0.00026348081512679816,5
1.3340179093068088e-5,1.976499336951723e-12,8.488900309774251e-6,1.8173717093584871e-6,0.9998606716118498,0.00011568193506145705,5
2.758433990065136e-5,1.2569539580421813e-10,0.00010188765545884103,9.959241767556755e-6,0.9998559871871174,4.581450060157202e-6,5
1.592590378468477e-6,4.717232422833506e-6,0.4331380060179043,0.5668524798386974,4.988487139810829e-36,3.204320596916466e-6,4
3.8266050829625343e-53,1.6706738292443658e-61,5.049633850941693e-60,3.187534677309055e-60,3.2878268976110076e-51,1.0,6
1.079207419542954e-7,9.382690672271632e-6,0.014267354480175198,0.9857202931678458,2.9601122668686947e-31,2.8617405647453172e-6,4
1.6752431549617165e-82,9.443529871730414e-87,3.9741823256731135e-69,3.791825595496566e-86,3.834793498953323e-83,1.0,6
8.224351714129161e-7,8.963699128195984e-13,1.1517083742359017e-9,2.6509078156295242e-11,0.9999955616010173,3.614784697441784e-6,5
6.854405027246479e-10,2.287258204248496e-8,0.9999999725205473,3.921430072683158e-9,3.885413094466247e-91,8.902015087677196e-17,3
2.3851324505044146e-8,0.9999999737397887,2.408762988738647e-9,2.5724110008425223e-16,5.761735599073734e-21,1.2366735632460297e-13,2
3.778849982918801e-7,1.355154209927096e-5,0.09639983398512153,0.903583587393841,2.144523162272482e-24,2.6491939399697732e-6,4
0.0001800826421839718,1.5012758787492201e-5,0.0002011886159998401,0.008215159162708319,0.9913591880170661,2.9368803254223818e-5,5
4.985836618403589e-7,6.73840373993652e-13,8.795605038298224e-9,5.39278739009575e-8,0.9999788014246666,2.0637267518809235e-5,5
6.741359101107435e-7,4.711272868346214e-9,3.305861860022664e-6,7.755726518437671e-5,0.9998082473913171,0.00011021063445551177,5
4.7735280004657504e-6,2.6596639113377053e-14,8.071184813224093e-11,2.627752209408544e-12,0.9999828801748581,1.234621377523415e-5,5
8.439217918835101e-5,5.4227564290967e-8,0.9922159470295122,0.00769397736339343,4.955879109198948e-6,6.733212325484608e-7,3
1.5364564891516746e-47,3.88961099673279e-52,1.0,6.962884349934864e-49,4.3070145649890315e-45,1.6582469314467854e-30,3
1.741039897578451e-5,1.2383900727874902e-10,1.7570111546473816e-5,2.2536775304661213e-5,0.9995678125574446,0.000374670032889393,5
1.3953041887768687e-6,1.563715555646291e-11,2.524236756567647e-5,2.069037165444443e-6,0.9999673223175313,3.9709579117328225e-6,5
2.4867086224580526e-5,0.9975885750117474,0.0008344708166321986,0.0015520860873289013,3.0988401325864468e-30,9.980670491539118e-10,2
1.4674595186254233e-6,5.11284401487292e-11,1.9828118497987276e-11,3.41175011504369e-10,0.9999907785820072,7.753546342518244e-6,5
3.642941186279386e-6,7.22967527203529e-14,1.4450671502052003e-9,8.930439261612536e-11,0.9999961571527053,1.9837166452950382e-7,5
9.201581519618584e-7,7.980519037116519e-6,0.00041393304725355774,0.99944812784869,3.546338790525671e-14,0.00012903842683188762,4
5.862982333549881e-6,0.0001117874218954537,0.001611310548800279,0.998057432985764,6.352946026469787e-7,0.0002129707666041376,4
0.003221893252487283,9.307450204496379e-7,0.9558445182245519,0.04077415557566311,0.00015837282354021144,1.2937873710807445e-7,3
6.882083350882409e-10,1.1641337399491099e-12,2.304519061156305e-13,1.8780326349336534e-13,1.2688297319782438e-6,0.9999987304804773,6
2.637752037251186e-8,9.947644294845417e-13,0.999999956272166,1.7349164913166492e-8,2.2794102067985095e-66,1.5395953810674467e-13,3
1.0569359484111906e-7,2.04968984890189e-9,3.694061050843187e-7,0.00022111199922312833,0.9992200446405862,0.0005583662108009541,5
3.68169156350289e-6,2.4963637070093312e-5,0.007659699352277929,0.992309848749644,3.459905914488103e-19,1.8065694444248354e-6,4
4.0773829812280595e-8,3.7308272126536433e-7,7.051520368819265e-6,0.9999924861869777,1.8243248280362122e-28,4.84361024416923e-8,4
7.718301178741821e-7,0.00010589521828123845,0.0006018418158267547,0.9992914896547318,8.16840026902359e-24,1.4810423980125195e-9,4
9.019140852615796e-7,1.107789804217312e-16,2.923384636274711e-9,2.4230592331496873e-10,0.9998885395575876,0.00011055536263650196,5
0.00020584382759985897,1.993827997324056e-8,3.2586046570956794e-6,6.689100524314186e-8,0.9997896603325808,1.1504058771025366e-6,5
2.4111634602194382e-5,3.421744831747306e-12,5.1771596598420996e-9,1.3224550523473207e-9,0.9997820057818296,0.0001938760805317486,5
4.1835636265781805e-11,2.843483617770316e-9,1.0583745302857918e-12,5.527474598985395e-11,1.0101732665432969e-10,0.9999999969573303,6
2.3370609459319656e-5,1.8324359960485476e-7,0.00013626599045469406,0.03568772416379346,0.9366620692491148,0.027490386743578166,5
7.407196122475228e-6,7.75058950853723e-14,4.739741731866217e-8,1.2962794241701342e-10,0.9999899352049273,2.610071827488987e-6,5
8.000533879333332e-7,5.436103473414891e-15,8.196932262575502e-13,1.395031006135071e-10,0.9999292758686774,6.992393760640236e-5,5
1.2252887513004126e-5,3.2608447628584526e-13,1.4899024012160085e-11,3.2472857901222494e-14,0.9999858617691199,1.8853281094940938e-6,5
2.3397420888711785e-5,1.710857097247361e-6,0.1673591357447935,0.05345133724261789,0.7791402189237518,2.419981085081668e-5,5
0.9999862759529382,1.0629015128926585e-17,1.3723988663252175e-5,4.352862199636452e-13,1.6962588952269637e-11,4.100062490078295e-11,1
7.770049042624457e-9,1.436891063034557e-6,0.0030631736515462746,0.9969353649386178,2.9103396068540214e-42,1.6748723794686755e-8,4
2.915085490579893e-6,6.915922264170891e-12,4.439169518970437e-11,1.108804514361596e-11,0.9999966665118767,4.183402370920941e-7,5
3.191205327682975e-5,1.8486475626321446e-11,5.1569796426812476e-8,4.3766027609359454e-8,0.9998813653690768,8.662722333588109e-5,5
3.6362393113797596e-10,0.9999999935098237,6.126552374621835e-9,8.810213304938615e-20,4.412750216915479e-127,2.4171903473142484e-33,2
0.0003981341569918725,3.000062174778262e-9,0.9995423931829418,5.946961279609379e-5,1.894610767094376e-23,4.720811571247347e-11,3
1.9024808598439187e-7,3.1066510581799607e-13,3.929265899993238e-12,1.6627032000749207e-10,0.999981198639676,1.8610941727765654e-5,5
4.963458255036104e-6,1.2790534682963059e-11,6.276690889908121e-11,5.4100832324723806e-11,0.9999949574407925,7.89712942692826e-8,5
0.019383182851912158,0.01309663595788264,0.9491380477856189,2.2908125204469373e-5,0.018341742767260298,1.7482512121493222e-5,3
1.5760821430606183e-6,6.125687376992314e-10,1.8085378106687699e-6,2.24556594327199e-6,0.9987684621617361,0.0012259070397981594,5
0.014414553648802472,0.9600784463739922,0.02550699997577236,1.4330929667223836e-12,4.375779795668645e-54,2.904459930779056e-20,2
5.288057119266382e-7,1.6610482528241268e-10,5.411109217559035e-7,7.4048172154433575e-6,0.998217931322702,0.0017735937773441272,5
1.1209393964548874e-9,3.5271451099013638e-9,3.3700166414796903e-13,1.881930323488971e-16,1.7923046542007114e-8,0.9999999774285317,6
2.4464268844139455e-6,2.155299268533748e-14,3.3052698918540777e-12,8.489336321100058e-14,0.9999963401897539,1.2133799499875374e-6,5
7.609818475750806e-6,1.6878890839378867e-12,5.06099428293271e-11,1.2790489272593587e-11,0.9999886273916293,3.7627248066379246e-6,5
6.005436785895135e-7,9.38857812249672e-13,2.3124599055393093e-13,4.948503016845163e-14,0.999999075729623,3.2372547887301707e-7,5
0.00015621249032867613,0.9820710291327509,0.017511666683422855,3.125486254939494e-8,4.709445561727623e-15,0.00026106043863034003,2
1.3983100410528187e-7,2.555493207666465e-6,0.9995111147339832,0.0004861839799518507,1.32659514519936e-53,5.961853159665611e-9,3
1.0232840349230187e-5,8.8743582037333e-11,3.375286593481948e-8,3.6420762083963258e-6,0.9998013018309928,0.00018478941083997574,5
4.387974830112611e-12,0.999999999784897,8.891035001870758e-17,1.6779292063622085e-10,4.1207316691551933e-35,4.292207167320528e-11,2
1.0836563541200958e-8,6.203118645959904e-11,6.569300736936262e-12,4.606973231929878e-13,2.891088841160177e-6,0.9999970980055342,6
1.9535459097070698e-5,8.633317510396828e-14,1.8710242753924128e-7,8.798813091219365e-9,0.9999784504483332,1.8181912426808775e-6,5
1.3471909392235016e-7,5.81758198388973e-13,1.799459241120009e-10,7.588287030878108e-9,0.9988938513957875,0.0011060061163039618,5
0.00033827751373543256,5.977156399201481e-12,0.001449448543481876,1.4494868127224425e-5,0.998166518068377,3.126100030129917e-5,5
5.139751195597533e-10,0.00047683032207224076,3.215595340221456e-14,6.336724356068731e-23,8.321098221894223e-16,0.9995231691639196,6
2.53598270323547e-22,0.9999999957490345,4.2509654681280875e-9,1.380101742513266e-29,6.63130564437896e-276,2.0766838111121212e-50,2
8.546935541775739e-5,3.385355102368942e-9,9.981415520640254e-8,2.6839282117304994e-7,0.9973986264110749,0.002515532641175911,5
1.5934380527896082e-6,0.615361050937814,0.38417522210072963,0.00046213352167704286,7.259989253365974e-57,1.7266561406383633e-12,2
2.4978381065533704e-6,6.137490530823326e-14,7.244871924552178e-10,7.470898266165256e-8,0.9999955652824265,1.8614459357871555e-6,5
1.9963620434617302e-5,3.4722569917413443e-16,2.4727106256946665e-8,4.089019486448934e-11,0.999979738981564,2.7263000453435104e-7,5
1.5745565062888691e-19,1.0,2.3490475920366218e-19,5.867770692083646e-34,2.8236509049125877e-207,1.2683248637994494e-52,2
0.007976062048517342,0.9794087882235646,0.01259338662605321,2.1758667299309323e-5,3.09925277754597e-17,4.434565664060232e-9,2
0.00047128681449835875,1.0074887725137903e-6,3.455045998433411e-7,6.226439298942256e-7,0.9917974194577606,0.007729318090438829,5
2.8367924139089684e-6,3.6038623712179697e-10,1.8092145094598117e-7,8.246467782567777e-9,0.9999969192625967,5.441668441309202e-8,5
6.315570393540576e-6,2.9228518371729277e-14,7.854149394139169e-13,1.6601492465795358e-13,0.9999891256212547,4.558807371018797e-6,5
8.713796732600179e-6,1.2835306471302026e-14,1.1676617782927211e-11,1.0777007169656145e-14,0.9999909601641849,3.260273823675219e-7,5
9.038898417150128e-5,2.4627286708474237e-9,3.363263065422079e-5,2.209860559075551e-5,0.9998293494558864,2.4527860968388693e-5,5
6.572999397993567e-6,3.847229117200989e-9,2.046403708978207e-6,3.027985777197678e-7,0.9999390654978365,5.200845324966378e-5,5
0.003284875766064402,0.0006973572058318727,7.012182349062655e-6,5.234105646379807e-6,0.9960032737152313,2.247024876938428e-6,5
4.62412321287394e-8,2.535451623904244e-13,1.0041374079985665e-9,1.0471106322748803e-8,0.9999941235590808,5.8187241898222355e-6,5
4.254532575161376e-8,1.9327523408556114e-7,0.986468433228337,0.013531330947128866,1.9828553977237733e-63,3.974301791552977e-12,3
1.3656270165175696e-12,0.0005818459753510157,5.363501060587934e-5,0.9993645190126772,4.4530533736271664e-91,2.264680126842408e-16,4
0.00041761223523673166,3.915886284400858e-10,5.367119704655978e-5,6.271939177378781e-6,0.9994487307978478,7.371343910288904e-5,5
0.0059559130347306396,0.00010198017956543389,1.6423828804804088e-7,1.4216258776783909e-9,0.04652313269555399,0.947418808430236,6
1.663626573755269e-5,4.665076004489225e-6,0.0028461621729860094,0.9882913390845448,0.00879292246892676,4.827493180049093e-5,4
1.1942205478082235e-5,9.584394557109583e-16,1.6845062150578042e-13,1.1198390706106022e-15,0.9999878813663127,1.7642803874228862e-7,5
4.630460864725185e-6,1.1080435389362125e-15,2.931635763794057e-8,1.6613002818163557e-9,0.9999908550249923,4.483536483949979e-6,5
2.4239084817434695e-5,0.9999754580599151,3.0285509951223233e-7,1.5309341741331348e-13,2.5077431474490554e-54,1.4852053053061843e-14,2
0.0007758800885468907,0.00042008523989273025,0.031711561042257905,0.9670672637884368,2.2634728097413328e-5,2.5751127683124894e-6,4
0.007920206946994635,3.518671436634005e-12,2.9941712865287915e-5,1.1652997963740248e-10,0.992049533461233,3.1775885841354504e-7,5
3.201813169686168e-6,4.83493364585235e-12,3.7478356588245234e-6,1.7482115849920968e-6,0.999735148908538,0.0002561532262136503,5
1.5613961081140986e-8,0.5731900338286406,0.21115353809928317,0.21565641245211156,1.4622109254991076e-72,6.0036183649360635e-12,2
6.522582476655936e-12,0.9999040023256487,2.2884337496819504e-20,9.599766782881977e-5,5.664971167101248e-56,7.752116672676691e-25,2
7.3934017700407835e-6,1.1903477642294705e-8,1.6640588556624152e-9,3.520361731724153e-9,0.9999852800759544,7.30943437731365e-6,5
6.783871245940867e-5,4.9507512471571716e-11,0.002165163536176035,6.434382713321111e-7,0.9977644425257378,1.9117378478820578e-6,5
5.6325427704073185e-6,1.0006247023075219e-11,1.226481256648126e-8,5.921782135268092e-9,0.9995779404607281,0.0004164087999005538,5
0.00019475297736955182,2.453537853815218e-8,5.443845031955341e-5,4.380994106443409e-6,0.9997034644298053,4.2938613020624254e-5,5
4.387365734323743e-21,0.9999968321660815,3.462797656964128e-13,3.167833572179673e-6,1.735643845722873e-182,3.569245544466333e-33,2
1.7081549456159122e-9,2.4800075181747797e-6,3.3494529955254863e-11,3.032932144326624e-11,1.431991949856864e-8,0.9999975039005835,6
6.881513890164868e-11,2.5059269611230567e-5,0.4351350111198057,0.5648399295212059,1.5874010855489934e-81,2.05620067645044e-11,4
0.00045270211906811656,5.229580970266509e-11,0.00034292477105388327,1.522331147410687e-7,0.999154589955551,4.9630868916568984e-5,5
1.804303854012687e-6,5.553054299590234e-13,1.9875678541337853e-11,1.7449843408494885e-11,0.999998140092101,5.556616423631864e-8,5
6.916956951363136e-5,4.3289700906188576e-11,4.002252506341802e-10,3.0798556436022923e-9,0.9997922862716925,0.00013854063542335988,5
1.4010153044971088e-5,5.717411002036244e-8,0.0008420570348505872,2.434664343606363e-5,0.9991148153016117,4.713692946586783e-6,5
2.915248939366619e-6,2.538122189292895e-6,0.22685169488675902,0.7710098240642469,4.960347735534291e-33,0.002133027677865448,4
1.5151999688245391e-7,0.030261138246320884,0.9697215769178933,1.713331578242063e-5,3.084338304664825e-63,6.504861539024623e-15,3
1.1316466825723006e-6,2.806103701001783e-9,9.643226100673203e-9,1.5927025839264833e-6,0.999921468927456,7.579427394756412e-5,5
0.9668307008806158,0.018515610312998528,0.014653683080476688,5.723381555473683e-9,4.2526041424505853e-20,2.527415320670947e-12,1
2.764202800443276e-9,0.0003533105872822245,0.001124101868685759,0.9985225847754442,1.620308362529801e-55,4.385083759369849e-12,4
3.070885735252737e-8,0.05495829463585425,7.5455895065421494e-6,0.9450341290639631,4.3614395747200893e-51,1.8187300917806047e-12,4
9.834170247667996e-7,3.4682385869270403e-12,0.9999979460495747,1.070528440593517e-6,1.3220228529724192e-50,1.4917230342049989e-12,3
9.644189255510292e-11,1.8053275967007383e-9,4.923476354179528e-16,1.0828969619110437e-18,2.2106824914508485e-9,0.9999999958875475,6
0.0010334966384319766,1.7362129840792914e-13,4.030030924427016e-12,9.784466070083426e-15,0.998965346574406,1.15678294839986e-6,5
6.141449208068254e-10,0.0018621483376428654,0.932386635433457,0.06575121370011999,9.58241332778714e-78,1.9146351307977044e-9,3
2.281412508494925e-7,9.928254880814246e-10,2.109034445658514e-6,2.0567139309070232e-5,0.9999533206812821,2.3774010886862053e-5,5
2.0160283437827294e-6,1.8362272375807725e-6,0.0001447930229075657,0.0032037897205580593,0.9966302979209135,1.7267080039526265e-5,5
1.2553279761261576e-13,0.8629648858346467,0.13691512892326,0.00011998524196775051,2.9376070451422015e-136,1.8039418358504652e-20,2
1.521702360312593e-8,2.607908626989322e-15,6.476750027367955e-11,2.682103108207929e-12,0.999998660530746,1.3241847781075734e-6,5
3.224418844844193e-5,7.030935914783074e-10,8.502178646984402e-10,5.832976622374688e-10,0.9999677249628798,2.8712062719116823e-8,5
3.055069557468553e-5,5.164134221333373e-19,3.103984773445688e-11,2.864242963026269e-17,0.9999688740327557,5.752406297933846e-7,5
3.972103113529006e-6,0.0008380236826196896,0.9806350113278582,0.018516915623298144,5.204475391792759e-36,6.077263110536368e-6,3
1.6827144753053714e-8,1.6933585723277732e-6,4.9129512615317636e-5,0.9999491558383687,2.941152138578956e-45,4.463298873382942e-9,4
2.1134503246160342e-7,6.04575865573813e-12,1.5707816887733254e-10,3.220817806100433e-8,0.9984811847964447,0.0015185714872209882,5
0.002048371208400512,9.567525030664344e-8,0.03716407574263694,0.00019202535895301138,0.9604819105971297,0.00011352141762946672,5
6.171952207294062e-7,9.60904906256803e-16,2.0286168837055885e-9,9.207032601484971e-10,0.9999915207598435,7.859095614551885e-6,5
0.013678382376049588,7.321226168610537e-10,0.9857707894473786,0.0005508151290508621,3.2873521032414107e-10,1.1986663054554059e-8,3
0.00026146896790810365,1.73044337212972e-14,3.5852292519427805e-7,3.34790379917959e-10,0.9997381532271954,1.8947163588666703e-8,5
4.868317572391599e-9,1.9487805826959903e-5,9.333594738235934e-6,0.999971165813275,2.617947026705229e-29,7.917842253187733e-9,4
6.7667900811684e-10,7.823941084851082e-5,0.001042810998763953,0.9988789488785911,5.197938800751175e-55,3.511748485423402e-11,4
1.2089574185448945e-6,2.97282144072107e-12,8.499862972726154e-9,2.042932321570519e-8,0.9998994327709876,9.932933943481292e-5,5
8.114986656243831e-5,7.447860768213087e-8,1.777800501217674e-6,7.374062142552053e-7,0.9999133267503342,2.9336977802824507e-6,5
6.416959866979613e-5,5.901059322978716e-13,2.1962025736984254e-9,4.618928290590085e-8,0.9999339015816525,1.8804336020369297e-6,5
0.0024065270926370013,1.3885487061825006e-14,2.312815250644939e-6,1.9439837653186752e-8,0.9975850494460003,6.0912062604616445e-6,5
1.000905630844547e-6,5.254173657243799e-10,1.367501650797995e-6,1.1247881675552393e-5,0.9988807056911765,0.0011056774944489002,5
4.905756118811154e-10,3.478453642127639e-6,2.413501848976117e-8,5.858741757543018e-7,7.597192332764562e-14,0.9999959110465121,6
5.3229344680698976e-6,3.0714044264038638e-12,2.171907364433814e-8,8.965107622673108e-11,0.999993911359593,7.438941427168361e-7,5
1.8303408778558078e-6,2.6058446094368935e-14,2.0712497008822913e-9,3.2329838535267954e-13,0.9999981553114118,1.2276111338315607e-8,5
2.267574077191615e-5,1.6090192926916587e-8,7.390900685517866e-10,7.409690851462929e-10,0.9999743046224346,3.002066541230403e-6,5
6.847855436037287e-7,1.2568710371161786e-14,1.263325272869459e-10,2.207588032576203e-10,0.999996792859223,2.522008129411941e-6,5
6.543951147816258e-7,8.691434104202562e-10,0.0013422544632294012,0.0015590873496940717,0.9969314568742986,0.00016654604851968553,5
4.927495112193468e-10,3.5947617847926305e-9,1.3219736820327063e-13,2.3991614085609143e-12,1.222916989531609e-6,0.9999987729929678,6
1.1903447536817512e-5,5.877884385792924e-8,0.0010284657357939946,0.002082962368818995,0.9968109943905542,6.561527845214794e-5,5
3.543407097803883e-7,2.0334958872077534e-12,1.135317051993712e-9,6.994505127314279e-9,0.9996581047910417,0.0003415327363929801,5
8.835046905471192e-6,6.400765559794971e-12,1.5571579346721847e-10,3.8247018319538216e-10,0.9999893859810104,1.7784274973887416e-6,5
6.636326342433501e-9,3.924372205960259e-15,2.3839893818767845e-12,2.68819242524165e-12,0.9999999146382658,7.87203317865472e-8,5
0.0021417997517116723,1.4254881105108977e-12,5.506516341155986e-11,2.314740393452185e-10,0.9978520955772388,6.104383084891765e-6,5
1.247053709573223e-8,1.4055660393962534e-7,9.244489382689599e-11,1.3878784182542221e-10,1.413018465900206e-9,0.9999998453286078,6
6.44337776682723e-21,3.414633466528475e-8,0.9999951160216815,4.8498319838892976e-6,2.3460781655667288e-238,2.0762582743366748e-30,3
1.509472965666658e-11,0.9919314844969377,1.3879700010228982e-18,0.008068515487967606,5.072042952551312e-69,1.4872636982833674e-26,2
7.421893882830878e-6,2.214741597575146e-12,1.9195528141228875e-11,3.7507944354747304e-10,0.9996692225578193,0.00032335515180811377,5
2.0258141663700825e-5,7.029137673988e-5,0.0016545388175817975,0.9980896977001116,0.00014619943343750126,1.901453046559942e-5,4
6.39215748288379e-8,9.72646127129814e-19,3.175023283583609e-14,9.813834841210101e-16,0.9999999207262196,1.535217286450648e-8,5
1.8879066593191898e-6,8.791439626326833e-6,0.006179055073248466,0.9936536838719501,1.25074397394487e-10,0.00015658158344134023,4
2.5077015346396166e-6,9.213062685672934e-14,7.674967543289029e-9,6.034237892105554e-9,0.9999858289294307,1.1649659737017171e-5,5
0.00011362803834543271,8.434904962605723e-7,0.00020054062689386633,0.00017111666689108613,0.9993988882450233,0.00011498293235004468,5
0.00037355065623968586,2.546772249290404e-7,0.9984920765856115,0.0011341172550287867,1.2279076730872255e-28,8.258951165511276e-10,3
0.0001744628563537806,2.5537945220231058e-12,9.24011662790631e-7,8.720396527074827e-8,0.999821139297321,3.386628143390007e-6,5
9.15161120780533e-7,7.48137825907108e-12,2.0126873605255895e-5,7.042106596088808e-6,0.9999562802813096,1.5635569886948638e-5,5
1.1421389639715241e-21,2.9046205082851417e-21,7.172263707693654e-23,2.0385816199323032e-22,1.0,2.5371085337038027e-20,5
2.5658252203692185e-8,0.9891459092935064,0.010853430991331393,6.339735105944436e-7,3.3314676615714284e-64,8.339934095096009e-11,2
0.99985681006694,5.2477853413206395e-46,1.969467607838087e-9,2.8919548947326956e-27,0.00014318796353971817,5.261558329609623e-14,1
1.743535951353517e-8,1.8702572937076803e-11,1.7108942276083827e-9,8.029354250964625e-8,0.9999989467915621,9.537499391026376e-7,5
0.005150564242978516,8.83740414997163e-10,0.994439057577754,0.0004103478685433182,2.3957184705085826e-9,2.703126522377634e-8,3
4.188058368604041e-5,2.139516242277288e-6,1.2493896025755432e-5,1.1323417257967623e-5,0.9942662204910931,0.005665942095694784,5
3.5889450026772565e-7,6.926384204887075e-13,1.376930106000521e-10,9.291685930414383e-9,0.9854234204558074,0.014576211219620631,5
3.702927281078493e-7,2.271993579741704e-12,1.0630134293357756e-9,7.8476127849336e-9,0.9996004375566053,0.0003991832377683755,5
0.0007292889544600659,6.815723930106805e-11,0.00027107274830743904,1.3944087521368302e-5,0.9989498416195838,3.5852521970074004e-5,5
8.111041014432247e-7,1.4666866044014553e-15,1.869338674080236e-14,3.3775792088263023e-13,0.9999973068413663,1.8820541742646406e-6,5
1.6638105512324723e-5,8.400336067284037e-6,0.006060277700312358,0.9939001905671202,2.4544939191972166e-25,1.4493290987788258e-5,4
2.8462081456728176e-5,6.627991103789841e-8,7.517457591890762e-7,0.00885975898649574,0.9910838172271125,2.7143679264842254e-5,5
1.021543187313971e-9,2.799717843681583e-16,5.720693590825592e-13,3.3236959774541546e-12,0.9999996331224706,3.658520902113827e-7,5
3.524278479764121e-5,3.428054875882153e-17,4.2338054405713103e-10,2.164197890763063e-13,0.9999641657253459,5.910662594829728e-7,5
6.707907863591725e-5,4.847335173043473e-8,2.57630295154854e-5,5.5826583842017217e-5,0.9997275866668052,0.00012369616784970233,5
1.3941979595187664e-9,3.9654358097865585e-8,1.1375917950324018e-12,3.1873958868145045e-11,1.526608536403196e-6,0.999998432309896,6
1.6459861681911956e-5,1.9868235069912762e-12,7.167790914961324e-6,6.466188266606315e-7,0.9995731663695908,0.0004025593569988583,5
9.253668390175418e-7,1.0885669376110725e-13,2.8505998225812975e-12,1.3116275588139458e-10,0.9996530251301656,0.00034604936887319156,5
0.0002933551613037233,7.520848856207202e-9,3.2817036067028723e-7,3.042105605614752e-7,0.9996208839696002,8.512096732596287e-5,5
0.00024151515881053317,4.753944183005311e-9,6.599937844277843e-7,7.196210175197094e-7,0.9996225312315986,0.00013456924084478568,5
6.687500775785317e-11,3.125526690371531e-7,4.69110805263197e-13,3.3759786116280944e-10,9.618849206745318e-11,0.9999996869462005,6
0.0006133310382385125,3.061426927998737e-8,1.5726530443612758e-6,4.163588106271607e-6,0.9993763018424362,4.600263905379721e-6,5
0.00029353380066761355,1.9502328303917668e-16,6.154344617233413e-7,1.5314436987167858e-9,0.9997004898141582,5.359419268623937e-6,5
3.5637375589356474e-6,8.408218549938798e-9,1.7912828872876205e-7,4.235957818775404e-7,0.9999934098756651,2.4152544868616293e-6,5
1.972075650747199e-6,5.908077440214506e-11,1.2395926306059082e-8,0.00018144694229153778,0.9997440804716108,7.248805543980317e-5,5
4.627755666237557e-5,1.2279885071032727e-16,7.031175422375222e-10,6.112048249787975e-14,0.9999536957910636,2.5949095168622373e-8,5
2.2572877621421608e-6,2.0884840237582683e-13,4.696033926081134e-9,2.116444738651893e-9,0.9999099723395295,8.77635600209274e-5,5
2.729250385177955e-9,2.0254011632645106e-7,0.9999713748894277,2.8419030549177832e-5,8.814093816253562e-81,8.106564193832839e-10,3
2.525117429045392e-6,2.776696857123968e-14,3.846151466219236e-12,2.388597690159822e-11,0.9999486791163124,4.879573849865377e-5,5
0.0003507216579809561,1.8261342335249958e-7,4.262779897048802e-7,9.908212509397585e-8,0.9990925036455323,0.0005560667229485999,5
2.5522442213856866e-5,2.942204768602651e-7,6.0825087189993826e-5,0.004932857778130394,0.9949066243802294,7.387609175964227e-5,5
1.253941115825636e-20,2.0521870341049037e-21,2.3519428709688733e-6,1.3996945722065634e-23,1.4241491367312784e-21,0.999997648057129,6
2.659086551613182e-6,5.3557906724762854e-6,0.9982255578039928,0.0017664255818072,5.8520829277787174e-40,1.7369760195129174e-9,3
0.999029239439102,0.00048582826740209103,0.0004813560645576045,3.5495575654478047e-6,1.1434401829309102e-11,2.6659938486300066e-8,1
1.6672852931219052e-6,1.2036241174607284e-8,1.0291077952453181e-6,3.97529580156071e-5,0.9983098324523154,0.0016477061603394517,5
2.3302131090698046e-6,2.1685660624829885e-11,1.0344994556444077e-10,2.360951575158898e-6,0.9999834855831798,1.1823127000276274e-5,5
1.536828442841155e-5,0.002580637493451364,9.138107897964524e-6,0.9973948560127873,1.4105251737581223e-16,1.0143480540339637e-10,4
4.679613053932332e-6,2.9053588836757406e-17,4.335132546909109e-11,2.5898688021846286e-15,0.9999934065825293,1.913761062892039e-6,5
